waypoint,joint0_desired,joint0_actual,joint1_desired,joint1_actual,joint2_desired,joint2_actual,joint3_desired,joint3_actual,joint4_desired,joint4_actual,joint5_desired,joint5_actual,joint_error,ee_error,clearance
0,1.6672500000000001,1.661220081071454,-0.7108,-0.6729576950795212,1.4840499999999999,1.4545246849342157,-2.5996,-2.6027587361926128,-1.5725500000000001,-1.5725499055596683,0.0,-5.6212668123707536e-08,0.019791083042874615,0.017947,0.05
1,1.6742333333333335,1.6613226495948896,-0.7373333333333333,-0.6728527434179373,1.5218333333333334,1.4543403789392682,-2.5763333333333334,-2.579315063053188,-1.5732333333333335,-1.5732321925843913,0.0,-2.9453107692198723e-09,0.0384894397566712,0.02956,0.05
2,1.6885999999999999,1.6613985585248328,-0.7894666666666666,-0.6726495862649137,1.5964333333333334,1.4540621148075554,-2.5332000000000003,-2.534588733167711,-1.5744666666666667,-1.5744666595082644,0.0,-1.7294353243079422e-09,0.07600179947019076,0.055814,0.05
3,1.704,1.6614820910367685,-0.8392333333333334,-0.6724484143517531,1.6693999999999998,1.4536750645724177,-2.500033333333333,-2.501258096843297,-1.5754000000000001,-1.5753999942356076,0.0,-1.7538227558569842e-09,0.11266745285217894,0.083118,0.05
4,1.7207666666666668,1.6615123018393647,-0.8861333333333334,-0.6722527152710629,1.7392,1.4531752210600977,-2.4760333333333335,-2.4773745674622036,-1.5761,-1.5760999931790496,0.0,-2.117681390955201e-09,0.14779939761401512,0.110693,0.05
5,1.7389666666666665,1.6615016500529616,-0.9314,-0.6720689960230356,1.8068666666666664,1.4526110083476345,-2.4591,-2.460529041322087,-1.5766333333333333,-1.5766333256581353,0.0,-2.4134057364946955e-09,0.18200389740919146,0.138682,0.05
6,1.7588,1.6614677248764496,-0.9754,-0.6718700331218375,1.8724999999999998,1.4519270953345018,-2.4476,-2.4490373678528727,-1.5769666666666666,-1.5769666587111264,0.0,-2.521511262385792e-09,0.21544049709796267,0.167045,0.05
7,1.7803666666666667,1.6614235263676636,-1.0191000000000001,-0.6716749820726238,1.9368666666666667,1.4512115540297235,-2.439833333333333,-2.4412243633042587,-1.577,-1.576999992363807,0.0,-2.4326839080451755e-09,0.24856737420023844,0.195949,0.05
8,1.8039666666666667,1.6613727600787307,-1.0619666666666667,-0.6714732377510708,1.9992333333333334,1.4504539859273065,-2.4354666666666667,-2.436762934573034,-1.5766666666666669,-1.5766666599448358,0.0,-2.147227163648488e-09,0.28106303939156263,0.225111,0.05
9,1.8298333333333332,1.6613245761969022,-1.1040333333333334,-0.6712968040325896,2.0595666666666665,1.4497774843793885,-2.4340666666666664,-2.4352513528653206,-1.5759666666666667,-1.5759666611960446,0.0,-1.747854149822179e-09,0.31291648388957677,0.254448,0.05
10,1.8477666666666668,1.6612614877519347,-1.1252000000000002,-0.6710868355355426,2.100233333333333,1.4489621949055542,-2.4381999999999997,-2.4392006854458517,-1.5751666666666668,-1.5751666626465763,0.0,-1.2775405251593808e-09,0.33295596431117747,0.273954,0.015
11,1.8570666666666664,1.6612141115949075,-1.1250333333333333,-0.6713336515323322,2.1210666666666667,1.448420771650903,-2.447433333333333,-2.4482582050536625,-1.5744,-1.5743999971348577,0.0,-8.999639836026537e-10,0.34074790414845274,0.283423,0.015
12,1.8568999999999998,1.6611861938236787,-1.1036666666666666,-0.672122494047366,2.122666666666667,1.4481334128744427,-2.4612,-2.4618716892335426,-1.5738333333333332,-1.5738333312389983,0.0,-6.483279992331697e-10,0.3365337596952324,0.283145,0.015
13,1.8568,1.6611641694398658,-1.0814,-0.6731269623897818,2.1232,1.4480356356789137,-2.4761,-2.476632025649243,-1.5733333333333333,-1.5733333318429519,0.0,-4.5201964119827845e-10,0.33186529730670755,0.283092,0.015
14,1.8567333333333333,1.6611520291224695,-1.0588,-0.6743175768721472,2.123366666666667,1.4481140470475622,-2.4918333333333336,-2.4922501533974035,-1.5729333333333333,-1.5729333322657855,0.0,-3.1652366553201e-10,0.3271200223904872,0.283523,0.015
15,1.8566666666666667,1.6611477555047625,-1.0359,-0.6756746376098325,2.1231666666666666,1.448353999161751,-2.5083,-2.508620242432786,-1.5726333333333333,-1.572633332564106,0.0,-2.2272743970739968e-10,0.3223254553789229,0.284445,0.015
16,1.8566333333333336,1.6611501972667828,-1.0127,-0.6771803330601956,2.122566666666667,1.4487451853123507,-2.5254,-2.5256378385241725,-1.5724333333333333,-1.5724333327793434,0.0,-1.5675712961884414e-10,0.3174960757477956,0.285873,0.015
17,1.8566,1.6611585515594738,-0.9892,-0.6788244028582238,2.121566666666667,1.4492790668814217,-2.5430666666666664,-2.54323196471512,-1.5723000000000003,-1.5722999996168923,0.0,-1.0605143610119097e-10,0.31265023461212366,0.287809,0.015
18,1.8566,1.6611721593224216,-0.9654333333333334,-0.6805940122890116,2.1201333333333334,1.4499491562582127,-2.5612333333333335,-2.561334422755014,-1.5721999999999998,-1.572199999763537,0.0,-6.406432041082422e-11,0.30780738596992196,0.290254,0.015
19,1.8566,1.6611906656768551,-0.9414000000000001,-0.682472911215862,2.118233333333333,1.4507485380567513,-2.5798,-2.5798400619789157,-1.5721333333333334,-1.5721333332373602,0.0,-2.547458201097844e-11,0.3029752461773145,0.293186,0.015
20,1.8566,1.6612205260619928,-0.9171333333333335,-0.6843989590214181,2.115866666666667,1.4516104183566592,-2.598666666666667,-2.598688182990434,-1.5721,-1.5720999999461844,0.0,-1.4086007776562365e-11,0.29820987902943175,0.296612,0.015
21,1.8566,1.6612695320228028,-0.8926666666666666,-0.6862622107542471,2.113,1.4523609818152572,-2.6178000000000003,-2.617750202977432,-1.5721,-1.5721000001308183,0.0,3.346401767121209e-11,0.2935985654961939,0.300539,0.015
22,1.8566,1.6613162037557043,-0.8680333333333334,-0.6881513551046666,2.1096666666666666,1.4531551072853783,-2.6371333333333333,-2.6370117349763875,-1.5721333333333334,-1.5721333336728587,0.0,8.492046544724187e-11,0.2891080333123627,0.304931,0.015
23,1.8566,1.6613449835080494,-0.8515666666666667,-0.6893644179074285,2.1072666666666664,1.4537024034531023,-2.6501,-2.6499310938293905,-1.5721666666666667,-1.572166667159293,0.0,1.213676816233605e-10,0.2862342763212823,0.308121,0.015
24,1.8567,1.6613722547445244,-0.8503,-0.690572073894039,2.1095,1.4542633132521097,-2.663066666666667,-2.6628510798685414,-1.5726666666666667,-1.5726666674332541,0.0,1.8954647024361032e-10,0.28664760612487244,0.30929,0.015
25,1.8568666666666667,1.66139558561701,-0.8644333333333334,-0.6916584626552932,2.116233333333333,1.4547846960946385,-2.6749333333333336,-2.6746756412115755,-1.5735000000000001,-1.5735000011779203,0.0,2.9309310242077686e-10,0.2902798837830744,0.308215,0.015
26,1.8570666666666666,1.661435681701035,-0.8857333333333334,-0.6931768168362057,2.1258666666666666,1.4555077684365336,-2.691233333333333,-2.690827622251388,-1.5746,-1.5746000024102902,0.0,5.957467135164853e-10,0.2957281159449029,0.306617,0.015
27,1.8572,1.6614613661738533,-0.9072666666666667,-0.6942927894305368,2.1346000000000003,1.456023332620362,-2.7046000000000006,-2.703602364988644,-1.5754000000000001,-1.575400006944385,0.0,1.6958280933946941e-09,0.30114746496934813,0.304886,0.015
28,1.8572666666666666,1.661473896673429,-0.9289333333333333,-0.6950974220309915,2.1423666666666663,1.456375511215405,-2.7152333333333334,-2.71362351759825,-1.5759333333333334,-1.5759333396522328,0.0,1.4796212317756396e-09,0.3064855894002954,0.303098,0.015
29,1.8573333333333333,1.6614830392401763,-0.9507333333333333,-0.6956644998084331,2.1492333333333336,1.4566564374673598,-2.7233,-2.7212272716713874,-1.576266666666667,-1.5762667010426439,0.0,9.962312230119013e-09,0.3117382717446915,0.301328,0.015
30,1.8573666666666666,1.6614917502948068,-0.9726333333333333,-0.6960147625089582,2.1552333333333333,1.4568715539238166,-2.7289666666666665,-2.726667246214056,-1.5764666666666667,-1.576466889192692,0.0,6.948957540709694e-08,0.3169119958976786,0.299627,0.015
31,1.8574,1.661519085227772,-0.9946,-0.6961887424174374,2.160433333333333,1.457065852572595,-2.732366666666666,-2.732300536358764,-1.5765666666666667,-1.5765648445809062,0.0,-1.639561914305847e-06,0.32201046276866657,0.298182,0.015
32,1.8573666666666666,1.66151855566947,-1.0166333333333333,-0.6962126511613717,2.1647999999999996,1.4571116001282411,-2.733633333333333,-2.7336564896140922,-1.5765666666666667,-1.5765670441493245,0.0,1.3123059162656824e-07,0.32707001492905113,0.296782,0.015
33,1.857333333333333,1.661516608572752,-1.0387,-0.6961970220194489,2.1683333333333334,1.457085642700267,-2.7328666666666668,-2.7328461981981405,-1.5764666666666667,-1.57646374688382,0.0,-1.8628888427911514e-06,0.33204561872412724,0.295583,0.015
34,1.8572999999999997,1.6614967237062654,-1.0607666666666666,-0.6961211233243912,2.1710666666666665,1.4569455579829294,-2.730233333333333,-2.727937768847009,-1.5763,-1.576300351996906,0.0,1.136224126156551e-07,0.3369667448406151,0.294545,0.015
35,1.8572666666666666,1.6614935154346766,-1.0828,-0.69605196012639,2.173033333333333,1.4568182267370995,-2.7258333333333336,-2.7236858458390136,-1.5761,-1.5761000524036997,0.0,1.5878160966761683e-08,0.3417771846560706,0.293878,0.015
36,1.8572333333333333,1.6614933486463765,-1.1047666666666667,-0.6959679451493452,2.1742666666666666,1.4566579557466752,-2.7197666666666667,-2.717977687196616,-1.5759,-1.5759000106853316,0.0,2.7264417439550705e-09,0.34650541091379866,0.293521,0.015
37,1.8450333333333333,1.66149484964028,-1.1116333333333335,-0.6958799199998364,2.1614666666666666,1.4564935233865686,-2.712766666666667,-2.7114547447119524,-1.5766,-1.5765999632200285,0.0,-1.4027407433327803e-08,0.3424242323931523,0.284955,0.05
38,1.8215333333333332,1.6614946225426048,-1.1026,-0.695787203438247,2.1334,1.4563217911140487,-2.705166666666667,-2.704275507692839,-1.5777999999999999,-1.5778000086614394,0.0,2.140526102787596e-09,0.3290250080440891,0.267782,0.05
39,1.7875000000000003,1.6614944529717355,-1.0773,-0.6956919859241835,2.0893333333333337,1.4561483511942352,-2.6972,-2.6967425496134996,-1.5792333333333335,-1.579233338490964,0.0,1.2952158539675746e-09,0.30616594224813426,0.242032,0.05
40,1.7558666666666667,1.6614954354616196,-1.0501666666666667,-0.6955796580856731,2.0406,1.4559666970137677,-2.685833333333333,-2.6855219594777493,-1.5794333333333332,-1.5794333368748479,0.0,9.049365977422444e-10,0.2817901322639018,0.215914,0.05
41,1.7264,1.6615000086062617,-1.0219666666666667,-0.6954475828924199,1.9885666666666666,1.455753334276844,-2.6708999999999996,-2.6706523174895196,-1.5787666666666667,-1.5787666694207627,0.0,5.96798276824834e-10,0.2564880859710818,0.189988,0.05
42,1.7073333333333334,1.6615098824281564,-0.9977,-0.6952017871152758,1.9521333333333333,1.4552076954160247,-2.6557333333333335,-2.6563320365048164,-1.5776000000000001,-1.5775999937494045,0.0,-2.1594198592379782e-09,0.23823671894298842,0.17293,0.015
43,1.6980333333333333,1.6614876934759395,-0.9767333333333332,-0.6950232036300323,1.9315,1.4546786756153578,-2.6420666666666666,-2.6425721807018157,-1.5762666666666665,-1.5762666580613336,0.0,-5.151089453757505e-09,0.226588839053766,0.163957,0.015
44,1.6978,1.661459934354236,-0.9601666666666667,-0.694845609856276,1.9286666666666665,1.4541382336148854,-2.6324333333333336,-2.6329367197336015,-1.5751,-1.5750999970159254,0.0,-7.809072780877737e-10,0.22244600495797018,0.163679,0.015
45,1.6976666666666667,1.6614317738644062,-0.9420999999999999,-0.6946685747265181,1.9241333333333335,1.4536077897572477,-2.6234,-2.6238949560105476,-1.5738666666666667,-1.573866664419753,0.0,-5.856156761585324e-10,0.21753536486752423,0.16342,0.015
46,1.6975333333333333,1.6614025009890943,-0.9241,-0.694514256564213,1.9201333333333335,1.4531249157579293,-2.6169333333333333,-2.617403458594243,-1.5729,-1.5728999983665053,0.0,-4.202683296993297e-10,0.21296014249106746,0.163942,0.015
47,1.6974666666666665,1.661373933978587,-0.9051333333333332,-0.6943755359775151,1.9150666666666665,1.4526799513826953,-2.6116,-2.6120389857390665,-1.572,-1.5719999989025184,0.0,-2.738917339952877e-10,0.207975640271783,0.164764,0.015
48,1.6974,1.6613460996946647,-0.8863333333333333,-0.6942541708844993,1.9105,1.4522894208553796,-2.6084666666666667,-2.6088666256038016,-1.5713333333333335,-1.5713333326173473,0.0,-1.694700480018249e-10,0.20336805025268537,0.16639,0.015
49,1.6973333333333336,1.6613232367374353,-0.8673333333333333,-0.6941656921302368,1.9061333333333332,1.4519947834072355,-2.6073,-2.6076629643913214,-1.5708333333333335,-1.5708333328735395,0.0,-9.944832667409015e-11,0.19896637625857724,0.168745,0.015
50,1.6972666666666667,1.6613051469122417,-0.848,-0.6941069236575128,1.9016666666666666,1.4517891733118071,-2.6079666666666665,-2.608296278893184,-1.5704333333333331,-1.5704333330511113,0.0,-5.113255913419263e-11,0.19466474493372532,0.171735,0.015
51,1.6972333333333331,1.6612923453612034,-0.8283999999999999,-0.694114711663605,1.8970333333333336,1.4516717545277174,-2.6102666666666665,-2.6105680706907513,-1.5701333333333334,-1.5701333331658511,0.0,-2.0267425085336338e-11,0.19046929761364792,0.175332,0.015
52,1.6971999999999998,1.6612848070864001,-0.8085333333333334,-0.694263969994814,1.8922333333333334,1.4516326644944362,-2.6140333333333334,-2.6143106644165,-1.5699333333333334,-1.5699333332323804,0.0,-2.904927241796505e-12,0.18640297510752743,0.179561,0.015
53,1.6971999999999998,1.6612804364736162,-0.7884333333333333,-0.6945503210063196,1.8872,1.4516468160770961,-2.6191,-2.619354043185317,-1.5698,-1.5697999999374668,0.0,6.393407473234818e-12,0.18248784233972,0.184394,0.015
54,1.6971999999999998,1.6612783815025818,-0.7681,-0.6949649099149544,1.8819333333333332,1.4517064226089376,-2.6253333333333333,-2.625564342177229,-1.5697333333333334,-1.5697333332865735,0.0,9.163384823297823e-12,0.17876164398147837,0.189819,0.015
55,1.6971999999999998,1.6612641597557276,-0.7544666666666666,-0.6951809153887496,1.8783333333333332,1.4515974629519461,-2.6298666666666666,-2.6300628352690003,-1.5697,-1.5696999999632064,0.0,8.899142939704473e-12,0.17649821834366552,0.193789,0.015
56,1.6972666666666667,1.6612638556265367,-0.754,-0.6954998124702986,1.8791,1.4516694149628167,-2.634733333333333,-2.634915829817768,-1.5701,-1.5700999998838168,0.0,-1.4561272640256907e-11,0.1767368159505338,0.194403,0.015
57,1.6973666666666667,1.661263492818474,-0.7669,-0.6957612235540802,1.8841333333333334,1.4517327459109721,-2.6389333333333336,-2.639104155377552,-1.5708000000000002,-1.5707999997591813,0.0,-5.023643809873422e-11,0.17950601747551032,0.191515,0.015
58,1.6974999999999998,1.6612648555982423,-0.7862666666666667,-0.6961430219365171,1.8913,1.4518360221642075,-2.6442666666666663,-2.6444248919380366,-1.5717333333333334,-1.5717333329456338,0.0,-9.1472638313474e-11,0.18374070039041288,0.187372,0.015
59,1.6976000000000002,1.6612643801533538,-0.8057333333333334,-0.6963438927127271,1.8978000000000002,1.451891893333587,-2.6477,-2.64784917219279,-1.5724333333333333,-1.572433332850843,0.0,-1.1778545633312122e-10,0.1880249933883337,0.183333,0.015
60,1.6976666666666667,1.6612601977170083,-0.8251666666666667,-0.6963825859577443,1.9035333333333335,1.4518738357188852,-2.6493333333333333,-2.6494738885636937,-1.5729666666666666,-1.5729666661286352,0.0,-1.3342046952465724e-10,0.1923135859157006,0.179472,0.015
61,1.697733333333333,1.661253201824203,-0.8445999999999999,-0.6963527318646018,1.9085999999999999,1.45178667798885,-2.6492999999999998,-2.6494318271054977,-1.5733666666666668,-1.5733666661045356,0.0,-1.4072474988591077e-10,0.19663268677485113,0.175915,0.015
62,1.6977666666666666,1.6612452303199776,-0.864,-0.6963020620847485,1.9129666666666667,1.4516518180328195,-2.6477,-2.6478241654250763,-1.5736666666666668,-1.5736666660982206,0.0,-1.433503244700471e-10,0.20094270272931655,0.1727,0.015
63,1.6978666666666669,1.661237148871176,-0.8824666666666666,-0.6962471795324215,1.9162666666666668,1.4515070517174566,-2.6457,-2.6458166084366472,-1.5739,-1.5738999994385054,0.0,-1.424178566843356e-10,0.20494752671831923,0.169886,0.015
64,1.6978666666666669,1.6612301257632154,-0.9014666666666665,-0.6961876690871103,1.9194000000000002,1.45134163927265,-2.6422000000000003,-2.64231174012566,-1.5740666666666667,-1.5740666661118219,0.0,-1.4156826361773142e-10,0.20918904707993508,0.167571,0.015
65,1.6978666666666669,1.6612242075973493,-0.9205666666666668,-0.696126354956698,1.9218666666666666,1.4511624383319703,-2.6373333333333338,-2.6374427049775386,-1.5741333333333334,-1.5741333327870923,0.0,-1.4018638835753403e-10,0.2134161060235118,0.165706,0.015
66,1.6978666666666669,1.661219027576021,-0.9395666666666666,-0.6960681374651664,1.9239333333333333,1.4509824384598522,-2.6318,-2.6319081064109118,-1.5741666666666667,-1.5741666661281914,0.0,-1.390298365789905e-10,0.21768369400839171,0.164469,0.015
67,1.6978666666666669,1.6612148610887651,-0.9584,-0.6960106597484228,1.9252666666666667,1.4507945153127284,-2.625,-2.625108984307494,-1.5741333333333334,-1.5741333328009224,0.0,-1.3836040230464404e-10,0.22185406427717,0.163771,0.015
68,1.6978666666666669,1.6612107273519543,-0.9769,-0.6959540750636749,1.9259666666666666,1.4505985778996553,-2.6170000000000004,-2.6171103031691603,-1.5740666666666667,-1.574066666143289,0.0,-1.3701730931392528e-10,0.2259236975212949,0.16368,0.015
69,1.6830999999999998,1.6612052156974488,-1.0004333333333333,-0.6958785552946584,1.9424,1.4503162676349297,-2.6044,-2.6045134126091694,-1.5766666666666669,-1.5766666658339965,0.0,-2.244112139017125e-10,0.23642454995431408,0.167464,0.05
70,1.6525999999999998,1.661213743155653,-1.0274,-0.6958596666761585,1.9738333333333333,1.4501991312029598,-2.5906333333333333,-2.590773241427128,-1.5818333333333332,-1.5818333315861945,0.0,-4.75895473190474e-10,0.2530434700489961,0.175915,0.05
71,1.6053,1.661230317973634,-1.0577666666666667,-0.695851899498206,2.0199666666666665,1.4501374401857943,-2.577166666666667,-2.5771998673199614,-1.5894333333333333,-1.5894333326561265,0.0,-1.9930470999602174e-10,0.2765308444572098,0.191702,0.05
72,1.5549,1.6612508644098505,-1.0866333333333333,-0.6958020482970974,2.0638666666666667,1.4499990793401178,-2.5671,-2.5671768877620718,-1.5965666666666667,-1.5965666645431793,0.0,-6.389660939558441e-10,0.3002479587512195,0.210569,0.05
73,1.5015333333333334,1.6612616716033932,-1.1134666666666668,-0.695754560512266,2.1048666666666667,1.4498708191906198,-2.5601000000000003,-2.560206531651297,-1.6032666666666666,-1.6032666629979948,0.0,-1.1272979062405347e-09,0.3237839087092701,0.231632,0.05
74,1.4452666666666667,1.6612653931496435,-1.1381333333333332,-0.6957095614292287,2.1428,1.4497606417570008,-2.555766666666667,-2.5558911483175146,-1.6095666666666666,-1.609566661570988,0.0,-1.5981536128461526e-09,0.34705854726008223,0.254367,0.05
75,1.3861999999999999,1.6612653479086021,-1.1605333333333334,-0.6956741080944286,2.1773666666666665,1.4496916425395678,-2.5538000000000003,-2.5539324796402347,-1.6154666666666666,-1.6154666604211614,0.0,-1.998192066474989e-09,0.36996981930940975,0.27835,0.05
76,1.3244999999999998,1.6612654248048415,-1.1805,-0.6956738982609227,2.2083666666666666,1.4496928818694166,-2.5538333333333334,-2.5539656115934704,-1.6209999999999998,-1.6209999929743792,0.0,-2.2917432436021e-09,0.3924396406896263,0.303303,0.05
77,1.2604,1.6612655515615211,-1.1978333333333335,-0.6957742784774641,2.235533333333333,1.4497514861290939,-2.5555999999999996,-2.555724851305565,-1.6261333333333334,-1.6261333259895725,0.0,-2.439886753601196e-09,0.4143689201615405,0.329024,0.05
78,1.1943000000000001,1.6612635992202227,-1.2123333333333335,-0.6960025432366458,2.2586333333333335,1.4498265811124664,-2.5587666666666666,-2.5588775509101924,-1.6308333333333334,-1.6308333262117183,0.0,-2.4064607163556365e-09,0.4356644087926618,0.355362,0.05
79,1.1266666666666667,1.6612593278592533,-1.2238333333333333,-0.6963418173937483,2.2773666666666665,1.449910189108996,-2.5631,-2.563191280825636,-1.635,-1.6349999936831996,0.0,-2.166285060162325e-09,0.4562018638303206,0.382186,0.05
80,1.0580333333333334,1.6612529732216483,-1.2322,-0.696765427248756,2.2915,1.4499996559244435,-2.5683000000000002,-2.568367414125072,-1.6386,-1.6385999950332022,0.0,-1.7242349304619254e-09,0.4758653432201593,0.409416,0.05
81,0.989,1.6612447466536333,-1.2372666666666667,-0.6972522851131386,2.3008666666666664,1.4500929200752983,-2.5741333333333327,-2.5741737532642515,-1.6415333333333333,-1.6415333302009545,0.0,-1.097270172783289e-09,0.49452746826489685,0.436989,0.05
82,0.9202,1.6612323766532981,-1.2389666666666665,-0.6977501500089335,2.3053666666666666,1.4500923902011194,-2.5803666666666665,-2.5805021529635894,-1.6437,-1.6436999891624524,0.0,-3.5604709639638403e-09,0.5121097550805178,0.464884,0.05
83,0.8522666666666666,1.661229505136953,-1.2373,-0.6982680578641058,2.3049,1.4501009209668287,-2.5867999999999998,-2.5869232478059807,-1.6449999999999998,-1.6449999902488297,0.0,-2.5511965092846203e-09,0.5284659858771543,0.493031,0.05
84,0.7858333333333333,1.6612289189738885,-1.2323000000000002,-0.6987975121246319,2.299433333333333,1.4501288807939616,-2.5932,-2.5933056360253306,-1.6453999999999998,-1.6453999915181885,0.0,-2.2335319232605467e-09,0.5434857250793789,0.521384,0.05
85,0.7214,1.6612289399469204,-1.2240666666666666,-0.6993172458184056,2.2889666666666666,1.450168605825925,-2.5993666666666666,-2.5994571731167264,-1.6448999999999998,-1.644899992719412,0.0,-1.925211794020349e-09,0.5571089938399163,0.549937,0.05
86,0.6595,1.6612293144051855,-1.2127333333333334,-0.6998092516086951,2.273633333333333,1.4502155543632531,-2.6051333333333333,-2.605211014499366,-1.6435333333333333,-1.6435333271529509,0.0,-1.6366910981548183e-09,0.5692933598930826,0.57863,0.05
87,0.6004333333333333,1.6612299055001896,-1.1985333333333335,-0.700255710733578,2.2535333333333334,1.4502658017551024,-2.610333333333333,-2.6104004711466136,-1.6413666666666666,-1.641366661450894,0.0,-1.3795233748259315e-09,0.580058716639946,0.607467,0.05
88,0.5445000000000001,1.6612305155521678,-1.1816333333333333,-0.7006383692617142,2.2288666666666668,1.4503141731217695,-2.6148000000000002,-2.614858729543284,-1.6384999999999998,-1.6384999956003776,0.0,-1.1593304722210149e-09,0.5894329462121207,0.636396,0.05
89,0.5076,1.661226889854491,-1.1620666666666668,-0.7007995141935883,2.2100666666666666,1.4502941223638979,-2.6170666666666667,-2.617115564158445,-1.6329,-1.6328999966358062,0.0,-8.766970404619679e-10,0.5945413790496049,0.656161,0.015
90,0.4888333333333333,1.6612228693996336,-1.1408333333333334,-0.7008560873365308,2.1989666666666667,1.450257640769345,-2.6181666666666668,-2.618207697526651,-1.6253666666666666,-1.6253666641912168,0.0,-6.275235166194771e-10,0.5956288565340464,0.666364,0.015
91,0.4872,1.661219520332761,-1.1186333333333334,-0.7009051130185111,2.1969666666666665,1.4502288368381293,-2.6191,-2.619134547926895,-1.6165666666666667,-1.6165666649877686,0.0,-2.636557699873418e-10,0.5930761738400259,0.667027,0.015
92,0.48586666666666667,1.6612199091814883,-1.0962666666666667,-0.7011729285311886,2.195133333333333,1.4502660294609329,-2.6221666666666668,-2.6221962755115893,-1.6091666666666666,-1.6091666655855617,0.0,7.297891391543395e-10,0.5905338838512703,0.667743,0.015
93,0.4847666666666666,1.6612228770329025,-1.0734333333333332,-0.7016427784312125,2.1931333333333334,1.4503560825554433,-2.6271666666666667,-2.6271917447278463,-1.6029333333333333,-1.6029333361852485,0.0,1.1715210628634305e-08,0.5879335955312445,0.668597,0.015
94,0.48386666666666667,1.661228722216769,-1.0502,-0.7023060188873861,2.1908999999999996,1.4505012969231907,-2.6339333333333332,-2.633955950091199,-1.5977,-1.597700036697678,0.0,7.356841306118777e-08,0.5852922164715234,0.669615,0.015
95,0.48310000000000003,1.6612368588374424,-1.0265666666666666,-0.7031499812077769,2.1884,1.4507047334292644,-2.6422333333333334,-2.642257797130949,-1.5933333333333335,-1.593333422198659,0.0,2.4589527582395666e-07,0.5826375542170256,0.670823,0.015
96,0.48246666666666665,1.6612472641263576,-1.0026,-0.704162203361672,2.1856333333333335,1.45096881288102,-2.6519333333333335,-2.651961990000867,-1.5897,-1.5897001038270437,0.0,3.853077888314101e-07,0.5799886168196978,0.672218,0.015
97,0.4819,1.661259790468095,-0.9783,-0.70532507819618,2.1825666666666668,1.451294532236221,-2.6628666666666665,-2.6629021963742896,-1.5866666666666667,-1.586666778185185,0.0,3.77569879266829e-07,0.5773739053051217,0.673827,0.015
98,0.4814666666666667,1.661282385386294,-0.9537333333333334,-0.7065870093081444,2.1791666666666667,1.4516600887032511,-2.674933333333333,-2.674932047300602,-1.5841333333333332,-1.584133333438854,0.0,3.3194412462929706e-10,0.5747915936231102,0.675626,0.015
99,0.4811,1.6613021680909539,-0.9289000000000001,-0.7079059109095773,2.1754000000000002,1.4520223926795646,-2.6879666666666666,-2.687948642575125,-1.5820333333333334,-1.5820333335992116,0.0,7.505502962161128e-11,0.5722748040462438,0.677644,0.015
100,0.48079999999999995,1.6613319566046507,-0.9038333333333334,-0.7093664690398713,2.1712666666666665,1.4524662414833263,-2.7018333333333335,-2.701712080186246,-1.5803,-1.5803000021685014,0.0,6.997969008926091e-10,0.5698168021126049,0.679863,0.015
101,0.4805333333333333,1.6613651384612294,-0.8785333333333334,-0.7109557383267673,2.1667666666666667,1.4529796446502283,-2.7164,-2.716175763766149,-1.5789,-1.578900004021345,0.0,1.3334047139080965e-09,0.5674413281610082,0.682294,0.015
102,0.48036666666666666,1.6613885573797522,-0.8616,-0.712076190155711,2.1636333333333333,1.453370405820753,-2.726333333333333,-2.7260614898799043,-1.5780666666666667,-1.5780666717193477,0.0,1.7488512151466996e-09,0.5659274947893748,0.684008,0.015
103,0.48033333333333333,1.6614122876214144,-0.8603666666666667,-0.7132681634222298,2.1653333333333333,1.4537929513269527,-2.736933333333333,-2.7365991862565546,-1.5778666666666668,-1.5778666733183617,0.0,2.341770904899515e-09,0.5661088371210132,0.684597,0.015
104,0.4804,1.6614351520023338,-0.875,-0.7144010592869143,2.1717666666666666,1.4542070180949374,-2.747033333333333,-2.746643471091219,-1.5781333333333334,-1.5781333419615589,0.0,3.057746015175115e-09,0.567968316498126,0.683944,0.015
105,0.48046666666666665,1.6614620892655472,-0.8970666666666668,-0.7158947657074987,2.181,1.4547363435572065,-2.760766666666667,-2.7602744395262526,-1.5784333333333331,-1.57843334616589,0.0,4.573017605994073e-09,0.570822883629981,0.682913,0.015
106,0.4805,1.6614811892941048,-0.9194,-0.7170636314670004,2.1894000000000005,1.4551595179660608,-2.7717666666666667,-2.771210569779834,-1.5785666666666665,-1.5785666838363002,0.0,6.171484016798658e-09,0.5736964891820442,0.681808,0.015
107,0.4805,1.66149257745043,-0.9419,-0.7179164825465107,2.1969000000000003,1.4554694295628896,-2.7801666666666667,-2.77955670347085,-1.5785666666666665,-1.5785666889537597,0.0,8.110917347236012e-09,0.576574907957565,0.680679,0.015
108,0.48046666666666665,1.6614972149108853,-0.9646,-0.7184687288340874,2.203533333333333,1.4556622433758062,-2.7861333333333334,-2.785481789731484,-1.5784666666666667,-1.5784666952273512,0.0,1.0595294155450925e-08,0.579471792559844,0.679559,0.015
109,0.4804333333333333,1.6614962807847464,-0.9874333333333333,-0.7187418269316402,2.2093333333333334,1.4557439102753247,-2.7898,-2.789115282043355,-1.5782999999999998,-1.5783000361013664,0.0,1.371449495557868e-08,0.5823805025981174,0.678459,0.015
110,0.48036666666666666,1.6614912814757654,-1.0104,-0.7187659342835448,2.2143333333333333,1.4557265584864116,-2.7912999999999997,-2.79058755668556,-1.5780666666666667,-1.5780667106454231,0.0,1.711205751519537e-08,0.5853190768594195,0.677416,0.015
111,0.48033333333333333,1.6614840201375485,-1.0334666666666668,-0.7186325042459941,2.2185333333333332,1.455620508259357,-2.7907666666666664,-2.7900277815226904,-1.5777999999999999,-1.5778000505117145,0.0,2.0052477196167963e-08,0.5882564660898072,0.67643,0.015
112,0.4802666666666667,1.6614805675771311,-1.0565666666666667,-0.7185002727176732,2.2219333333333333,1.4554917800088143,-2.7882999999999996,-2.7875514852887395,-1.5775,-1.577500047925107,0.0,1.913469983553366e-08,0.5911836123910756,0.67555,0.015
113,0.48023333333333335,1.6614833847150074,-1.0797333333333334,-0.7184092025374039,2.2245333333333335,1.4553821302318326,-2.7840333333333334,-2.7833085278238623,-1.5772000000000002,-1.5772000362440823,0.0,1.429812872543612e-08,0.5940680249994041,0.674754,0.015
114,0.4801666666666667,1.6614921965933713,-1.1028666666666667,-0.7183691571210897,2.226366666666667,1.4553031396144882,-2.778033333333333,-2.7773862060182783,-1.5769,-1.5769000233007322,0.0,8.963398321097773e-09,0.596923742202088,0.674077,0.015
115,0.48013333333333336,1.661504087343079,-1.1259666666666666,-0.7183602965926975,2.2274333333333334,1.4552425003428928,-2.7704,-2.769903283125479,-1.5766,-1.5766000128620061,0.0,4.797983273041824e-09,0.599730320037898,0.673498,0.015
116,0.49346666666666666,1.6615149110906886,-1.1507333333333334,-0.7183184705622382,2.2418,1.4551492926145082,-2.759933333333333,-2.759696492417588,-1.5747666666666664,-1.5747666695346447,0.0,1.015308928020226e-09,0.6014065051154528,0.664416,0.05
117,0.5214666666666666,1.6615233380610044,-1.1771,-0.7182483918177678,2.2689,1.455032977482236,-2.7482666666666664,-2.7482388256880186,-1.5713333333333335,-1.5713333334103876,0.0,1.48516804273616e-11,0.601754870280694,0.646772,0.05
118,0.5654333333333333,1.6615453003873777,-1.2043666666666666,-0.7181419215781966,2.307933333333333,1.4548229184039452,-2.7367666666666666,-2.736865549236579,-1.5662,-1.5662000003506953,0.0,1.0296545060663382e-10,0.6007874467305651,0.6211,0.05
119,0.6133333333333333,1.661547179036309,-1.2300000000000002,-0.7180424225321785,2.3438666666666665,1.4545961337859272,-2.7279666666666667,-2.7280831803316743,-1.5607666666666666,-1.5607666678547407,0.0,3.305681311134546e-10,0.5988398397005622,0.595747,0.05
120,0.6653333333333333,1.6615428914033488,-1.2531999999999999,-0.7179494628316712,2.3762333333333334,1.4543729746256624,-2.7214333333333336,-2.72155832235371,-1.5549666666666664,-1.5549666688138732,0.0,6.057679915648342e-10,0.595644351061371,0.570794,0.05
121,0.7214999999999999,1.6615346191322644,-1.2736666666666665,-0.7178635379442265,2.404666666666667,1.4541618329285828,-2.7168666666666668,-2.716992386433739,-1.5487333333333335,-1.5487333364281701,0.0,8.976007927440377e-10,0.59105014703065,0.546309,0.05
122,0.7818999999999999,1.6615240479891724,-1.2911,-0.7177859450117657,2.4288333333333334,1.4539687569578217,-2.7139333333333333,-2.714054114170529,-1.5420666666666667,-1.5420666705978197,0.0,1.1805401402883863e-09,0.5849199985621576,0.52232,0.05
123,0.8463666666666666,1.661512960647272,-1.3052000000000001,-0.7177206466187179,2.448366666666667,1.4538050231824096,-2.7123666666666666,-2.7124793209753286,-1.5349666666666668,-1.534966671286308,0.0,1.4441178460940926e-09,0.5771695803113537,0.498898,0.05
124,0.9146333333333333,1.6615035761757126,-1.3157,-0.7176760923864447,2.4629333333333334,1.4536869921535787,-2.711866666666667,-2.711971001172868,-1.5275333333333334,-1.5275333385402048,0.0,1.7014504484456034e-09,0.567747881515383,0.476094,0.05
125,0.9862666666666667,1.6614956636251235,-1.3223666666666667,-0.717648261252182,2.4722666666666666,1.4536064171153518,-2.7122000000000006,-2.712296245630906,-1.5199,-1.5199000056890557,0.0,1.9489939613651174e-09,0.5566697497109828,0.453971,0.05
126,1.0606666666666669,1.6614891828786145,-1.325,-0.7176492641612482,2.4761333333333333,1.4535542182807102,-2.7131000000000003,-2.7131886764837674,-1.5122999999999998,-1.512300006061613,0.0,2.1795989881565962e-09,0.5439869279551446,0.432603,0.05
127,1.1371,1.6614840002114182,-1.3235333333333335,-0.7176880074933608,2.4744333333333333,1.4535224057722256,-2.714366666666667,-2.714448345172547,-1.5049666666666666,-1.5049666729863078,0.0,2.3831565805531675e-09,0.529824855841521,0.412082,0.05
128,1.2147,1.6614797351313642,-1.3179999999999998,-0.7177480226064746,2.4671333333333334,1.4535035255955133,-2.7158,-2.715875325273054,-1.4981333333333333,-1.4981333398010634,0.0,2.5510812428109425e-09,0.5143539573901413,0.392527,0.05
129,1.2936666666666665,1.6614759619358366,-1.3078333333333334,-0.7178073595752036,2.4535333333333336,1.4534891964215788,-2.717166666666666,-2.7172363648146525,-1.494,-1.4940000063484007,0.0,2.5721698105555924e-09,0.49724283269931624,0.373721,0.05
130,1.3713333333333333,1.6614724375818188,-1.2947333333333333,-0.7178527929502558,2.4351333333333334,1.453474537490495,-2.7183333333333333,-2.718398150565651,-1.4906999999999997,-1.4907000061759994,0.0,2.5566313491453906e-09,0.47969188954016273,0.356495,0.05
131,1.4484333333333332,1.6614681738573538,-1.2776666666666665,-0.7178439649935653,2.410766666666667,1.4534390650613294,-2.7188,-2.7188606406268536,-1.4902666666666666,-1.4902666724799598,0.0,2.412220984478562e-09,0.4610244825491698,0.340472,0.05
132,1.5216,1.6614639052517322,-1.2590999999999999,-0.7178267788041108,2.383,1.4533923727396223,-2.718833333333334,-2.7188903206141055,-1.4886333333333333,-1.4886333389123225,0.0,2.341146835333623e-09,0.4428522996598789,0.326816,0.05
133,1.5933333333333335,1.661459240510371,-1.2366666666666666,-0.7177898163877069,2.3491666666666666,1.4533046278243695,-2.7175,-2.717554296027275,-1.4898,-1.4898000052299454,0.0,2.179829823993144e-09,0.42356485543752015,0.314654,0.05
134,1.6603666666666665,1.6614540851551438,-1.2132999999999998,-0.7177445012250427,2.312666666666667,1.4532010938702808,-2.7157666666666667,-2.715818109825917,-1.4897,-1.4897000049531905,0.0,2.0695944073648988e-09,0.40502212044810676,0.305316,0.05
135,1.7250666666666667,1.6614514479314693,-1.1867666666666665,-0.7176930334252918,2.2704666666666666,1.4530700255117974,-2.7119666666666666,-2.7120188914719026,-1.4922666666666669,-1.4922666715112396,0.0,1.9966388408528758e-09,0.3856194672548926,0.298008,0.05
136,1.7855333333333334,1.6614510643585478,-1.1592333333333333,-0.7176383129810864,2.2251333333333334,1.4529225762124627,-2.706466666666667,-2.706523052039845,-1.4951999999999999,-1.4952000050000749,0.0,2.0316539555716182e-09,0.36667697593075277,0.293632,0.05
137,1.8257666666666668,1.66145119968811,-1.133,-0.7175692217282108,2.1914666666666665,1.4527252806831203,-2.6984333333333335,-2.698496866895742,-1.5018666666666665,-1.5018666717439508,0.0,1.9885153726675747e-09,0.3524488482095168,0.292704,0.015
138,1.8458333333333332,1.661449830914124,-1.1096333333333332,-0.7174992364229494,2.1725,1.4525191213936426,-2.6903666666666664,-2.6904356727691745,-1.5096666666666667,-1.5096666714951834,0.0,1.8101659077220235e-09,0.34305949344215336,0.293004,0.015
139,1.8473,1.6614453367405846,-1.0888,-0.7174331238342687,2.1687333333333334,1.452318669185056,-2.6837666666666666,-2.6838359133287915,-1.5182,-1.518200004117464,0.0,1.469577127478225e-09,0.3380594840088929,0.29359,0.015
140,1.8485666666666667,1.6614379338009562,-1.0674666666666666,-0.7173752239595887,2.1650000000000005,1.4521465001155178,-2.6798,-2.6798631654921223,-1.525566666666667,-1.5255666698646255,0.0,1.093342130476314e-09,0.3331019106339893,0.294539,0.015
141,1.8496666666666666,1.6614304543942269,-1.0456666666666667,-0.7173313905489835,2.1612666666666667,1.4520262224370026,-2.6782333333333335,-2.678288153598198,-1.5319,-1.5319000023681795,0.0,7.798135084085528e-10,0.32819174677067037,0.295869,0.015
142,1.8506333333333334,1.6614270795909412,-1.0234666666666665,-0.7173352189536517,2.1574666666666666,1.4519975321458072,-2.6788333333333334,-2.678883243653333,-1.5373666666666665,-1.5373666685081127,0.0,5.867352656699818e-10,0.32331671056585454,0.297573,0.015
143,1.8514666666666668,1.6614311488739968,-1.0009,-0.7175197569107112,2.1535666666666664,1.452077606121817,-2.6814,-2.6814509286089367,-1.542066666666667,-1.5420666682733626,0.0,4.973797495015366e-10,0.31846108209478574,0.299674,0.015
144,1.8521666666666665,1.6614383462151043,-0.9779999999999999,-0.7178774824637943,2.1495333333333337,1.4522120554514264,-2.6857333333333333,-2.685785406470873,-1.5461333333333334,-1.5461333347372976,0.0,4.2366001989691887e-10,0.31366064030257157,0.302198,0.015
145,1.8527666666666667,1.6614472138565002,-0.9548,-0.7183981091631472,2.1453333333333333,1.4523852836597122,-2.6917000000000004,-2.691751533656824,-1.5496333333333332,-1.549633334520191,0.0,3.5015960820824255e-10,0.30894066021838074,0.305165,0.015
146,1.8532666666666666,1.6614573262236765,-0.9312999999999999,-0.7190650111393762,2.1409000000000002,1.4525946609500948,-2.6991,-2.6991491432890835,-1.5526666666666664,-1.55266666763087,0.0,2.788696618842666e-10,0.30430214035765835,0.308564,0.015
147,1.8537,1.6614686748098886,-0.9075333333333333,-0.7198684725758688,2.1362333333333337,1.4528436473798403,-2.7078,-2.70784518482642,-1.5552666666666666,-1.5552666674204227,0.0,2.1427422943075273e-10,0.2997755958648479,0.312412,0.015
148,1.8540666666666665,1.6614811959578257,-0.8835333333333333,-0.7207915885162712,2.1313,1.453134207550048,-2.7175999999999996,-2.717640023358445,-1.5575333333333334,-1.5575333338973043,0.0,1.5797624423342774e-10,0.29537628055453496,0.316694,0.015
149,1.8544,1.6614949012504454,-0.8593333333333334,-0.7218270731743767,2.1260999999999997,1.4534701557810334,-2.7283999999999993,-2.728433906335454,-1.5595,-1.55950000040039,0.0,1.1081027018455423e-10,0.29113320467618387,0.321415,0.015
150,1.8546000000000002,1.6615051469456605,-0.8431333333333333,-0.7225312011655984,2.122533333333333,1.4537256979306954,-2.7358999999999996,-2.7359301404484677,-1.5607333333333333,-1.5607333336452258,0.0,8.579512765914853e-11,0.2884250771115424,0.324802,0.015
151,1.8548666666666669,1.6615172635881097,-0.8421333333333333,-0.7233314911037955,2.1237666666666666,1.4540269259621357,-2.7442333333333333,-2.744259364010479,-1.5622,-1.562200000223067,0.0,6.115473915569463e-11,0.2886893342749073,0.325626,0.015
152,1.8551666666666666,1.6615293117084204,-0.8565,-0.7241006355494266,2.1296666666666666,1.4543301032742662,-2.7521999999999998,-2.752221931453963,-1.5638333333333334,-1.5638333334767411,0.0,3.950273039627991e-11,0.29186312182191043,0.323708,0.015
153,1.8555666666666666,1.6615440374205228,-0.8781666666666667,-0.7251572996726416,2.1381333333333337,1.4547331580235079,-2.762866666666666,-2.762881977728578,-1.5660666666666667,-1.5660666667232261,0.0,1.621573422593248e-11,0.2966739082155771,0.320902,0.015
154,1.8558666666666668,1.6615570621132374,-0.9000333333333334,-0.7259640590238359,2.1458,1.4550738273746464,-2.7710333333333335,-2.771043810159444,-1.5678666666666665,-1.567866666680768,0.0,4.888993880953198e-12,0.30142964362621966,0.318018,0.015
155,1.8561000000000003,1.66156777462149,-0.9220666666666667,-0.7265325607096306,2.1526666666666663,1.4553445931109066,-2.776866666666667,-2.7768743137451506,-1.5693000000000001,-1.569299999995764,0.0,-1.1164306245939964e-14,0.3061411568840195,0.315114,0.015
156,1.8563,1.6615766715826104,-0.9442333333333334,-0.7268742339386879,2.158733333333333,1.4555377787430064,-2.7805,-2.780505592217302,-1.5704333333333331,-1.5704333333217708,0.0,-2.0618107861212823e-12,0.3108177763970577,0.312247,0.015
157,1.8564666666666667,1.661581529103038,-0.9665333333333334,-0.7270006040431026,2.1640333333333333,1.455633809018013,-2.782033333333333,-2.782038115021115,-1.5713333333333332,-1.5713333333177142,0.0,-3.1437376699972415e-12,0.3154853486607205,0.309476,0.015
158,1.8566,1.6615823256045206,-0.9889000000000001,-0.7269942955088936,2.1685666666666665,1.4556256570938386,-2.7815999999999996,-2.7816052164420024,-1.5720333333333334,-1.572033333311498,0.0,-4.585980609656013e-12,0.320133142751975,0.306866,0.015
159,1.8566666666666667,1.661583586541098,-1.0113333333333332,-0.7269506555288613,2.1723333333333334,1.4555530327465178,-2.7792999999999997,-2.779307282651314,-1.572566666666667,-1.5725666666312352,0.0,-7.6088661503516e-12,0.32473191890873204,0.304432,0.015
160,1.8567333333333333,1.661587956304373,-1.0338,-0.7268927154513474,2.1753666666666667,1.455448481319802,-2.7752666666666665,-2.7752781754802336,-1.5729333333333333,-1.572933333272302,0.0,-1.3289804028310636e-11,0.32928103326550157,0.302228,0.015
161,1.8567666666666665,1.6615956210720024,-1.0562666666666667,-0.7268252470818553,2.177633333333333,1.455320562638975,-2.7695666666666665,-2.769585376722183,-1.5732,-1.573199999895465,0.0,-2.3017845183785578e-11,0.33375617972675725,0.300254,0.015
162,1.8568,1.6616058947156815,-1.0786999999999998,-0.7267463506659371,2.1791666666666667,1.4551677701310013,-2.762333333333333,-2.7623620623519543,-1.5733666666666666,-1.5733666665023438,0.0,-3.6530472839760437e-11,0.3381682305765203,0.298556,0.015
163,1.8568,1.6616165852998444,-1.1010333333333333,-0.7266551979346516,2.1799666666666666,1.4549861462063285,-2.753633333333333,-2.753677159004545,-1.5734666666666666,-1.5734666664147987,0.0,-5.650281496479965e-11,0.3425036035348725,0.297152,0.015
164,1.8446333333333333,1.6616246806782748,-1.1082333333333334,-0.7265481750533199,2.1668,1.4547633077118176,-2.7440333333333338,-2.7440947428887603,-1.5744333333333334,-1.5744333329119304,0.0,-9.667566214253623e-11,0.3381745067105857,0.287915,0.05
165,1.8211666666666666,1.66163447064685,-1.0995333333333335,-0.7264514059584062,2.138333333333333,1.4545598097188697,-2.7338666666666662,-2.7339501687092422,-1.5758666666666665,-1.5758666659543625,0.0,-1.667641298580597e-10,0.3245989537540712,0.270342,0.05
166,1.7871666666666666,1.6616421935717658,-1.0745666666666667,-0.7263513021953404,2.0938666666666665,1.4543397789423185,-2.7232999999999996,-2.723407240467982,-1.5775333333333332,-1.5775333322134157,0.0,-2.6614861160763366e-10,0.30166343967589665,0.244511,0.05
167,1.7556,1.6616533888600291,-1.0478333333333334,-0.7262389303969145,2.0446333333333335,1.4540879455814735,-2.7092333333333336,-2.7093768578941524,-1.5779333333333332,-1.5779333317987796,0.0,-3.6867857976405376e-10,0.2771860991400937,0.218239,0.05
168,1.7261666666666666,1.661666186897172,-1.0200333333333333,-0.7261168131979291,1.9920999999999998,1.4538043004121504,-2.6915,-2.69169404675301,-1.5774666666666668,-1.5774666647601219,0.0,-4.632033300560021e-10,0.25176362278531395,0.192072,0.05
169,1.7071333333333334,1.66166528312311,-0.9960666666666668,-0.725973407892178,1.9553,1.4534189457381508,-2.6740999999999997,-2.674331086061983,-1.5764666666666667,-1.5764666647321737,0.0,-4.74257217331963e-10,0.2334174936507172,0.175112,0.015
170,1.6978666666666669,1.661655575280886,-0.9753333333333334,-0.725834301188254,1.9344333333333334,1.453012988221129,-2.6587666666666667,-2.6590175187837857,-1.5752666666666666,-1.57526666496787,0.0,-4.1841385525754725e-10,0.22185829628970363,0.166855,0.015
171,1.6976333333333333,1.6616383999047972,-0.9588666666666668,-0.7257140487747608,1.9315,1.4526262471284859,-2.6481666666666666,-2.64841259501847,-1.5742,-1.5741999986637971,0.0,-3.2837994806518385e-10,0.2179357359912841,0.1678,0.015
172,1.6975333333333333,1.6616278345908384,-0.9409666666666667,-0.72560583969728,1.9268,1.4522899432770964,-2.638,-2.638205167320612,-1.5730666666666666,-1.5730666657349626,0.0,-2.655405284454004e-10,0.21324060223828867,0.168737,0.015
173,1.6974,1.6616168138630834,-0.9230666666666667,-0.72551101477034,1.9226333333333334,1.4520045681229807,-2.630466666666667,-2.6306086132076074,-1.5721999999999998,-1.5721999979544636,0.0,-1.1063882217485919e-09,0.20888598437047487,0.170419,0.015
174,1.6973666666666667,1.6616085749192155,-0.9042,-0.7254340258800211,1.9173666666666669,1.4517792345911167,-2.6239333333333335,-2.6240062275855247,-1.5713666666666668,-1.5713666670876738,0.0,2.011690952077409e-10,0.20412723844404873,0.172369,0.015
175,1.6973000000000003,1.6616013709548725,-0.8855000000000001,-0.7253697048115653,1.9125666666666667,1.4516122668933056,-2.6197,-2.6197353850473957,-1.5707666666666666,-1.5707666666171443,0.0,-1.0203414955550705e-11,0.19974778408256005,0.17503,0.015
176,1.6972333333333331,1.6615971069879174,-0.8665666666666666,-0.7253249263317204,1.9080000000000001,1.4515139306069882,-2.6175333333333333,-2.6175693113191945,-1.5703333333333334,-1.570333333300557,0.0,-5.525572358765137e-12,0.1956181240262446,0.178398,0.015
177,1.6971999999999998,1.6615967863715382,-0.8473333333333334,-0.7253144811062331,1.9033333333333333,1.451507323255923,-2.6172999999999997,-2.617336162682332,-1.5700333333333332,-1.5700333333123657,0.0,-2.2182557130991133e-12,0.1916172112179664,0.182328,0.015
178,1.6971999999999998,1.6615995260785381,-0.8278,-0.7253591180924671,1.8985333333333332,1.4515717147310196,-2.6188,-2.6188358056788044,-1.5698,-1.5697999999882024,0.0,3.217588072290191e-13,0.1877659082541665,0.186825,0.015
179,1.6971666666666667,1.6616058945800407,-0.8080000000000002,-0.7255270060932814,1.8935666666666666,1.4517019254373904,-2.6218333333333335,-2.621868480972703,-1.5696333333333332,-1.5696333333277674,0.0,2.0224961193484966e-12,0.1840791559865422,0.191875,0.015
180,1.6971333333333334,1.6616121521726877,-0.7879333333333335,-0.7257985062980943,1.8883999999999999,1.4518153269372551,-2.6262,-2.626295231932948,-1.5695,-1.5694999992108292,0.0,-2.612627223556893e-10,0.18061408069148027,0.197506,0.015
181,1.6971,1.6616153292451241,-0.7676,-0.7261662764692939,1.8830333333333336,1.4519096613520242,-2.631766666666667,-2.6319065950970226,-1.5694333333333332,-1.5694333320129463,0.0,-6.372836788390327e-10,0.17740892284343826,0.203705,0.015
182,1.6971,1.6616053943296858,-0.7539666666666668,-0.7263491258472083,1.8793666666666666,1.45183964839947,-2.635866666666667,-2.636012172311682,-1.5694,-1.5693999995369783,0.0,-2.1526600193662853e-10,0.17550022227570833,0.20814,0.015
183,1.6971666666666667,1.6616053523460759,-0.7535333333333334,-0.7266226582248071,1.8800999999999999,1.4518965585873331,-2.6404,-2.6405656986033534,-1.5697999999999999,-1.5697999999267842,0.0,-2.8306085681286787e-12,0.17575883391960834,0.208748,0.015
184,1.6973,1.661604311831686,-0.7664666666666667,-0.7268411584412227,1.8850666666666667,1.451933807387158,-2.6443333333333334,-2.644504359503838,-1.5704999999999998,-1.5704999997881766,0.0,-3.893564740164783e-11,0.17816119391042481,0.205354,0.015
185,1.6974666666666665,1.661606935451964,-0.7858666666666667,-0.7271579370829271,1.892166666666667,1.4519976391475615,-2.6492666666666667,-2.649428922179053,-1.5714333333333332,-1.571433332955444,0.0,-8.378007818905828e-11,0.18187973790671574,0.200425,0.015
186,1.697566666666667,1.6616063213406387,-0.8053333333333335,-0.7273022119869428,1.8985666666666667,1.4520191282596555,-2.6523,-2.6524542614707323,-1.5721666666666667,-1.5721666661747902,0.0,-1.1439410098228337e-10,0.18564604771289228,0.195521,0.015
187,1.6976333333333333,1.6615999393476188,-0.8248000000000001,-0.7273047043443905,1.9042666666666666,1.4519609639336661,-2.653566666666667,-2.653709024941226,-1.572733333333333,-1.5727333327855688,0.0,-1.3006642535082606e-10,0.18946600713046835,0.190754,0.015
188,1.6976666666666667,1.66159037795262,-0.8442666666666666,-0.7272662280829049,1.9092666666666667,1.451839887056279,-2.6532,-2.6533284928764442,-1.5731666666666666,-1.573166666108885,0.0,-1.340104699498414e-10,0.19331747483148085,0.186197,0.015
189,1.697733333333333,1.6615790933324457,-0.8637,-0.7272087599790154,1.9135666666666664,1.4516715068917254,-2.6513000000000004,-2.651413859218062,-1.5734666666666666,-1.573466666135379,0.0,-1.2861931141968108e-10,0.19718187005061583,0.181919,0.015
190,1.6977666666666666,1.6615688499767567,-0.8830666666666667,-0.7271457462339641,1.9172,1.4514780606274165,-2.6479333333333335,-2.648036621004178,-1.5736666666666668,-1.5736666661635996,0.0,-1.2281532295580267e-10,0.20104665745501335,0.177973,0.015
191,1.6978666666666669,1.661559783338205,-0.9014666666666665,-0.7270886190246296,1.9198666666666666,1.4512969378063811,-2.6445000000000003,-2.6445916192850754,-1.5738333333333332,-1.5738333328724177,0.0,-1.1324803894288944e-10,0.2046474580324132,0.174461,0.015
192,1.6978666666666669,1.661552887941374,-0.9203666666666667,-0.7270345290483246,1.9223666666666668,1.4511185668873523,-2.639666666666667,-2.6397375043980538,-1.5739666666666665,-1.5739666662646368,0.0,-1.1595550343638058e-10,0.20847493155652475,0.171404,0.015
193,1.6978666666666669,1.6615517256608294,-0.9393666666666668,-0.7269902888067961,1.9242000000000001,1.4509716019369765,-2.633566666666667,-2.6335825731067066,-1.5740333333333334,-1.5740333332510204,0.0,-2.0771840589577575e-11,0.2122763991432893,0.168743,0.015
194,1.6978,1.6615590288704614,-0.9591333333333333,-0.7269552030132872,1.9256666666666666,1.4508419297419541,-2.6249333333333333,-2.6249551500243857,-1.574,-1.5739999998896954,0.0,-2.807622672559197e-11,0.2162863162025878,0.166626,0.015
195,1.6978,1.6615669058004863,-0.9781333333333334,-0.7269184984883919,1.9259666666666666,1.4507103055865658,-2.6153,-2.6153283297374585,-1.5738666666666667,-1.5738666665301786,0.0,-3.5012431808136244e-11,0.21995845816544363,0.164989,0.015
196,1.7024666666666668,1.6615748894951823,-0.9763666666666667,-0.7268777525591766,1.9006666666666667,1.4505833117744755,-2.604766666666667,-2.6048022349790547,-1.5716333333333334,-1.5716333332522314,0.0,-1.931054180290498e-11,0.21074941016876414,0.15621,0.05
197,1.7114666666666667,1.6615892597934947,-0.9538333333333333,-0.7268291724685563,1.8489666666666666,1.4504092191348086,-2.592566666666667,-2.5927012233270275,-1.5678,-1.5678000002589823,0.0,8.777000830972086e-11,0.18835547149601564,0.14008,0.05
198,1.7245000000000001,1.6615984061692954,-0.9103,-0.7267674103222741,1.7701,1.4501971387662913,-2.5779333333333336,-2.5780955795612726,-1.5627666666666666,-1.562766667849682,0.0,3.7083179483247476e-10,0.1527408965806732,0.11785,0.05
199,1.7366333333333335,1.6616136106176864,-0.8658,-0.7267251986328013,1.6880333333333333,1.4500207566631969,-2.5601333333333334,-2.5603548794821487,-1.5588333333333333,-1.5588333358426427,0.0,8.048100840098455e-10,0.11663318203346763,0.098112,0.05
200,1.7479333333333333,1.6616536689281038,-0.8200666666666666,-0.7266473785707677,1.6025,1.4497948132394882,-2.539433333333333,-2.539868952619374,-1.5556999999999999,-1.5557000113475454,0.0,8.436729965762572e-09,0.08112789050417964,0.082957,0.05
201,1.7552666666666665,1.6616965679827467,-0.7846333333333333,-0.7265443835668309,1.5422666666666665,1.4495482100984665,-2.5170666666666666,-2.5176929924917877,-1.5544,-1.5544000116602583,0.0,3.932678702063007e-09,0.05877470250190168,0.076753,0.015
202,1.7589,1.661697750333914,-0.7597666666666667,-0.7264082258067234,1.5085999999999997,1.4493064771695043,-2.4952,-2.4956838700798407,-1.5546666666666666,-1.5546666736580423,0.0,2.38007540019234e-09,0.04843727713352446,0.07494,0.015
203,1.7590666666666666,1.6617179869487941,-0.7458333333333332,-0.7262811709392151,1.5028333333333332,1.4490563907625689,-2.4758,-2.4763262873669456,-1.5562333333333331,-1.5562333394567416,0.0,2.305998675931165e-09,0.04610005247240472,0.074918,0.015
204,1.7592333333333334,1.661734619515298,-0.7315,-0.7261581616948218,1.4972666666666665,1.4487885071384192,-2.4596666666666667,-2.4602423213559392,-1.5576666666666668,-1.5576666725986723,0.0,2.245880082179784e-09,0.04450654963451514,0.075821,0.015
205,1.7593000000000003,1.661720502310459,-0.7174,-0.7250792423564736,1.4931,1.4485236436412372,-2.4479,-2.4483532409165796,-1.5587333333333333,-1.55873333752153,0.0,1.6081043864369544e-09,0.04390897043138326,0.077565,0.015
206,1.7594333333333332,1.6617055052799516,-0.7023,-0.7242849366742135,1.4880333333333333,1.4483235610641336,-2.4388666666666663,-2.4393251926444695,-1.5596666666666668,-1.5596666705175928,0.0,1.474260006239865e-09,0.04399079842486858,0.080237,0.015
207,1.7594666666666667,1.661697138663215,-0.6875666666666667,-0.7237848252866369,1.4841333333333333,1.4481730152367094,-2.4329,-2.433368188390461,-1.5603333333333333,-1.5603333370820538,0.0,1.4034241065360817e-09,0.04502591716226414,0.083893,0.015
208,1.7596,1.6616897993030622,-0.6714333333333333,-0.7233496737106936,1.4783333333333335,1.4480345957779999,-2.427633333333333,-2.4281127775653335,-1.5611333333333335,-1.561133336760516,0.0,1.314689177835779e-09,0.046904081490689024,0.088368,0.015
209,1.7596666666666667,1.661683841509431,-0.6555,-0.7230795307776416,1.4730999999999999,1.4479167371863102,-2.4241333333333333,-2.424612833620957,-1.5618666666666667,-1.5618666698016423,0.0,1.2043646987261845e-09,0.049668993769401114,0.09365,0.015
210,1.7597333333333331,1.661678142517798,-0.6394000000000001,-0.7228895785206706,1.4676,1.447807848520604,-2.421533333333333,-2.4220091434909747,-1.5625333333333333,-1.5625333361852403,0.0,1.0964720083532601e-09,0.053193492432376366,0.099567,0.015
211,1.7598,1.6616730617101925,-0.6229999999999999,-0.722831594636541,1.4619333333333333,1.4477071065390592,-2.4205,-2.420957695119086,-1.5631333333333333,-1.5631333358532857,0.0,9.70516335848172e-10,0.0574424905440658,0.106176,0.015
212,1.7598666666666667,1.661666346793442,-0.6063999999999999,-0.7228119193027837,1.4562000000000002,1.4476356829476746,-2.420866666666667,-2.421280691421193,-1.5637,-1.563700002294571,0.0,8.067274921985537e-10,0.062274334898136524,0.113346,0.015
213,1.7599999999999998,1.6616601368358477,-0.5888333333333332,-0.7228077273399263,1.4493333333333336,1.4476043683520292,-2.4225,-2.4228916449507927,-1.5643666666666665,-1.5643666489529529,0.0,-7.622650892587091e-09,0.06785156549686532,0.121112,0.015
214,1.760066666666667,1.660760426761585,-0.5773666666666667,-0.6449971114311462,1.4450333333333336,1.442391622805522,-2.423933333333333,-2.4243503653865606,-1.5648,-1.5648000017158616,0.0,6.274496665852002e-10,0.049062475296593654,0.088017,0.015
215,1.7602,1.660756071853228,-0.5764999999999999,-0.6449943924997561,1.4442333333333333,1.442376044860861,-2.4250666666666665,-2.4254311640639363,-1.5653333333333332,-1.5653333344593774,0.0,4.970074060945778e-10,0.04930206051811901,0.088257,0.015
216,1.7603333333333335,1.6607546031476577,-0.5874666666666667,-0.6449831686881051,1.4481333333333335,1.442330957361068,-2.4250333333333334,-2.4254334474441954,-1.5661666666666667,-1.566166667541139,0.0,4.517106220698274e-10,0.047006912910760625,0.084941,0.015
217,1.7605333333333333,1.6607522325939985,-0.6034,-0.6449686083191111,1.4532666666666667,1.4422825475822214,-2.4248333333333334,-2.425232014978114,-1.5672666666666666,-1.5672666670888957,0.0,3.3109061770975403e-10,0.04435656111079867,0.080678,0.015
218,1.7606333333333335,1.6607491412394704,-0.6206333333333333,-0.6448363413403464,1.4594333333333334,1.442233279477623,-2.4233333333333333,-2.4237369413901715,-1.5683999999999998,-1.5684000000716631,0.0,2.1278484195805083e-10,0.04254143505441523,0.077135,0.015
219,1.7607333333333333,1.660746408214237,-0.6365666666666666,-0.6446831614631522,1.4638666666666669,1.4421834981956276,-2.4216333333333333,-2.42203660241972,-1.5692333333333333,-1.5692333332794095,0.0,1.2373642258191196e-10,0.04189985104081052,0.074752,0.015
220,1.7607666666666664,1.6607475985905438,-0.6534666666666666,-0.6446528283997849,1.4688666666666668,1.4420622997896164,-2.4184,-2.418869470360679,-1.5700333333333336,-1.57003333326838,0.0,4.592657383762051e-11,0.04242678440543164,0.073572,0.015
221,1.7608333333333333,1.660743203820295,-0.6690666666666667,-0.6446249211561457,1.4722333333333333,1.4419466998783241,-2.4154,-2.415852678627517,-1.5706,-1.5705999997827265,0.0,-2.1706759825392263e-11,0.04384236541960251,0.073684,0.015
222,1.7609000000000001,1.6607383685084705,-0.6849666666666666,-0.6445968576374618,1.4755666666666667,1.4418253870234214,-2.4118333333333335,-2.4122817738141746,-1.5711000000000002,-1.5710999996318635,0.0,-7.839268418625913e-11,0.04618937279455811,0.075125,0.015
223,1.761,1.660732738114617,-0.7001,-0.6445710378960284,1.4779333333333333,1.4417122180612565,-2.408733333333333,-2.4091630079969617,-1.5715000000000001,-1.5714999995359922,0.0,-1.1899437647446758e-10,0.0490733180221287,0.07775,0.015
224,1.7610666666666666,1.6607287106995186,-0.7155666666666667,-0.6445469667864105,1.4803666666666666,1.4415980406413549,-2.4050333333333334,-2.4054512557358456,-1.5718666666666667,-1.5718666661108704,0.0,-1.537234895674557e-10,0.05262237198785953,0.081544,0.015
225,1.7611,1.660724140516829,-0.7309333333333333,-0.6445241328166174,1.4824333333333335,1.4414820464321818,-2.4008333333333334,-2.401240908144798,-1.5721999999999998,-1.5721999993683324,0.0,-1.830659227887533e-10,0.05659657986870869,0.086326,0.015
226,1.7611,1.660720602781773,-0.7460999999999999,-0.6445303495068112,1.484,1.4414148717260293,-2.3961666666666663,-2.3965729427301627,-1.572466666666667,-1.572466665976517,0.0,-2.0825882415262408e-10,0.060835948113969376,0.091939,0.015
227,1.7611,1.6607162794599808,-0.7610666666666667,-0.6445444872959895,1.4850333333333332,1.4413553207777257,-2.391033333333333,-2.39140559176677,-1.5727,-1.5726999993483433,0.0,-2.1085106070173138e-10,0.06527150602406592,0.098283,0.015
228,1.7472333333333332,1.6606865456200088,-0.7771666666666667,-0.6445674016020599,1.4946666666666666,1.4411390051253172,-2.3817999999999997,-2.3820582479935917,-1.5747,-1.5746999991938788,0.0,-2.7059818786934004e-10,0.06823756150547453,0.096981,0.05
229,1.7191666666666665,1.6607130500658227,-0.7934666666666667,-0.6446781344346036,1.5118,1.4412702416622,-2.3698,-2.3702946886903704,-1.5781999999999998,-1.5781993353063972,0.0,-7.400858778001642e-11,0.0713320219653847,0.090068,0.05
230,1.6766666666666665,1.6607289304188735,-0.8092,-0.644827350354616,1.5354666666666665,1.4414709114301005,-2.3562,-2.3567130472112905,-1.5829666666666666,-1.5829655748753395,0.0,-2.0554254357033862e-10,0.07757560248909212,0.083028,0.05
231,1.6333666666666666,1.660733297823675,-0.8223333333333334,-0.644943097254431,1.5555333333333332,1.4416107734228427,-2.3457000000000003,-2.3461903921323657,-1.587,-1.5869986296378096,0.0,-3.303796463420478e-10,0.08678980210820962,0.085862,0.05
232,1.5894333333333333,1.6607321672849436,-0.8330666666666667,-0.6450340048003598,1.5721,1.4416950837621096,-2.3378333333333337,-2.3382843645465874,-1.5904,-1.5903984860684892,0.0,-4.2470392000143814e-10,0.09784805504952289,0.097861,0.05
233,1.5450333333333333,1.66072892809283,-0.8414333333333333,-0.6450844510128878,1.5851,1.441692284531141,-2.332233333333333,-2.3326707015863573,-1.5932333333333333,-1.5932316601524608,0.0,-5.323305958346759e-10,0.10992749002943356,0.116301,0.05
234,1.500333333333333,1.6607218704992739,-0.8474333333333334,-0.645104708561934,1.5945,1.441636692579724,-2.3284999999999996,-2.328906794873168,-1.5955333333333332,-1.595531622053308,0.0,-5.987066877369163e-10,0.12249402128034606,0.138685,0.05
235,1.4555333333333333,1.6607123512956654,-0.8511000000000001,-0.6450908174474058,1.6001999999999998,1.4415368905556354,-2.3263000000000003,-2.326670871756687,-1.5973333333333333,-1.5973316623343132,0.0,-6.273093561513628e-10,0.1352234771006756,0.163449,0.05
236,1.4254666666666667,1.6606952557043366,-0.8482333333333333,-0.6450730428450534,1.6028666666666667,1.4414189559199064,-2.3251666666666666,-2.325471673268442,-1.5975333333333335,-1.597531949171943,0.0,-5.244090651579007e-10,0.14298720750953436,0.179587,0.015
237,1.4102666666666668,1.6606866599205194,-0.8390666666666666,-0.6450586230965738,1.6032,1.4413291743987866,-2.325,-2.325276354795206,-1.5963333333333332,-1.5963321345798391,0.0,-4.3463974152822325e-10,0.14523058363936464,0.186174,0.015
238,1.4099000000000002,1.6606816340663137,-0.8242333333333334,-0.6450491589235877,1.6023333333333334,1.4412718133598705,-2.3257333333333334,-2.325992273017876,-1.5939666666666668,-1.5939656456132485,0.0,-3.3816304104626234e-10,0.14197375145359178,0.182915,0.015
239,1.4096,1.660681319435634,-0.8079666666666666,-0.6452054044074759,1.6002333333333334,1.4412647587332421,-2.328533333333333,-2.3287863355951277,-1.5912666666666666,-1.5912657825401504,0.0,-2.6197046747064805e-10,0.13832578042617058,0.17993,0.015
240,1.4093,1.660682484120944,-0.7919,-0.6454249503512676,1.5982666666666667,1.4412640727162813,-2.332,-2.332247404140934,-1.5888333333333333,-1.588832568678349,0.0,-2.0344558494652144e-10,0.13496787840628263,0.177487,0.015
241,1.4090333333333334,1.6606850466453384,-0.7750333333333334,-0.6458439955011006,1.5957,1.4412751717462506,-2.3375333333333335,-2.3377717826627005,-1.586266666666667,-1.5862660309868513,0.0,-1.490771387936721e-10,0.1315709911429853,0.175526,0.015
242,1.4087666666666667,1.6606885998619894,-0.7591333333333333,-0.6462045187372756,1.5938666666666668,1.4412839153141945,-2.3424333333333336,-2.3426865959152074,-1.5844333333333334,-1.5844327348980471,0.0,-1.2912553790432448e-10,0.12877573383180754,0.174213,0.015
243,1.408566666666667,1.6606925531200114,-0.7418666666666667,-0.646786825811153,1.5909666666666666,1.4412891000265902,-2.349733333333333,-2.349974530622119,-1.5824666666666667,-1.5824661748499582,0.0,-9.21424596255389e-11,0.1258379055827132,0.173448,0.015
244,1.4083666666666668,1.6606960926946432,-0.7255333333333334,-0.6472746507622966,1.5886666666666667,1.4413022674640212,-2.3559666666666668,-2.356198320517952,-1.5810333333333333,-1.5810333316344167,0.0,-5.708699901776138e-10,0.12349823241192956,0.173333,0.015
245,1.4082333333333334,1.6607012407851578,-0.7078000000000001,-0.6480211672530012,1.5852000000000002,1.4413361162930791,-2.3648000000000002,-2.365017227808571,-1.5795333333333332,-1.5795333319402067,0.0,-4.682182462980367e-10,0.12111318216228979,0.173898,0.015
246,1.4080666666666666,1.6607057065130477,-0.6911,-0.6486343124353703,1.5823333333333334,1.4413768297548442,-2.3721666666666668,-2.3723727587675607,-1.5784333333333336,-1.5784333321527286,0.0,-3.9626103385109136e-10,0.11937238475310834,0.175088,0.015
247,1.4079666666666666,1.660711988862573,-0.6729666666666666,-0.649523448192513,1.5782,1.4414521561013205,-2.382233333333333,-2.3824237559780457,-1.5773,-1.5772999990422987,0.0,-3.200425126141924e-10,0.11770711636378142,0.177053,0.015
248,1.4078333333333333,1.6607198212076217,-0.6550666666666666,-0.6504711019850058,1.5744333333333334,1.4415691227381837,-2.3926333333333334,-2.3928118566815604,-1.5763999999999998,-1.5763999992148547,0.0,-2.3280451546396958e-10,0.11663734771489656,0.179745,0.015
249,1.4077666666666666,1.660653809803867,-0.6423666666666666,-0.642360060908007,1.5714,1.4407416074516244,-2.4011666666666667,-2.401492431577056,-1.5757666666666665,-1.5757675419903991,0.0,5.607985812997733e-07,0.11620644623177742,0.180288,0.015
250,1.4077333333333335,1.6606610429805626,-0.6419666666666667,-0.6419756203638528,1.5730000000000002,1.4407441602278268,-2.408666666666667,-2.40861910873597,-1.5756333333333332,-1.5756320107630453,0.0,-8.721565613163742e-07,0.11652184044609486,0.18058,0.015
251,1.4077666666666666,1.660657563131134,-0.6535333333333333,-0.6424918246894451,1.5784,1.4408300031113752,-2.4145333333333334,-2.4147133822118905,-1.5758333333333334,-1.5758333325830998,0.0,-2.4555367711650644e-10,0.11761608229693048,0.179367,0.015
252,1.4078,1.660660847431366,-0.6708333333333334,-0.6431927044723854,1.5861,1.4409509159744929,-2.4224,-2.422568758471215,-1.5760666666666667,-1.5760666659218472,0.0,-2.4233500344546453e-10,0.11956232517004302,0.17781,0.015
253,1.4078666666666664,1.660663439095868,-0.6873333333333332,-0.6436598348091772,1.5921,1.4410412590568586,-2.4279,-2.4280613517090184,-1.5762,-1.5761999992632112,0.0,-2.3873220102130356e-10,0.1215403580939696,0.176539,0.015
254,1.4079,1.660665111217339,-0.7042666666666667,-0.6439491845157699,1.5978999999999999,1.4411029224989405,-2.4316,-2.431756581385179,-1.5762999999999998,-1.576299999267494,0.0,-2.3668310879944764e-10,0.12390436374635946,0.175624,0.015
255,1.4080000000000001,1.660666603789097,-0.7205,-0.6440785123392845,1.6024,1.441128532644249,-2.433666666666667,-2.433821901251978,-1.5764000000000002,-1.5763999992568574,0.0,-2.403650472558201e-10,0.1262861609780521,0.17509,0.015
256,1.4079666666666666,1.6606655975191846,-0.7378999999999999,-0.6441064888914896,1.6077333333333332,1.4411189630345018,-2.4346333333333336,-2.4347831965749127,-1.5764333333333334,-1.5764333326107622,0.0,-2.3331014275451035e-10,0.12936662580249414,0.175113,0.015
257,1.4080000000000001,1.660663204555802,-0.7540666666666667,-0.6440968259839529,1.6113666666666668,1.4410806101538054,-2.4347,-2.4348424333294254,-1.5764333333333334,-1.5764333326466862,0.0,-2.2110398129315494e-10,0.13224309819806807,0.175583,0.015
258,1.4079666666666668,1.660660065579987,-0.7705333333333333,-0.644082179702304,1.6149333333333333,1.4410251313477418,-2.4340333333333333,-2.434167148674125,-1.5764333333333334,-1.576433332689652,0.0,-2.0446443260603476e-10,0.13545474566153776,0.176614,0.015
259,1.4080000000000001,1.660656786041642,-0.7862666666666667,-0.6440669885745199,1.6174,1.440966035243288,-2.4329666666666667,-2.433092039794362,-1.5764666666666667,-1.5764666660699602,0.0,-1.7166892239661046e-10,0.13855513921696536,0.178087,0.015
260,1.4080000000000001,1.6606537714735305,-0.8023333333333333,-0.6440520310236236,1.6198333333333332,1.4409031130692134,-2.4312,-2.431317796542731,-1.5765,-1.5764999994616167,0.0,-7.125034385515283e-11,0.14195241955226207,0.180115,0.015
261,1.4080000000000001,1.6606509580584523,-0.8183333333333334,-0.6440379117804057,1.6218333333333332,1.4408380457751397,-2.4287666666666667,-2.4288778027148488,-1.5765,-1.576499999652931,0.0,3.608131557459771e-10,0.145470906055507,0.182657,0.015
262,1.4080000000000001,1.6606482898916333,-0.8341333333333334,-0.6440248012328721,1.6232999999999997,1.4407715906928853,-2.425733333333333,-2.425838545176774,-1.5764666666666667,-1.5764666668471659,0.0,1.8237787200771188e-09,0.14904643775027318,0.185693,0.015
263,1.4189,1.6606401409203444,-0.8333666666666667,-0.644005247035024,1.6035000000000001,1.4406445899076932,-2.4219000000000004,-2.4219942959835605,-1.5738333333333332,-1.5738333563902447,0.0,5.230993080486901e-08,0.141902511409047,0.181367,0.05
264,1.4402333333333335,1.6606477280007295,-0.8148,-0.6440298683107791,1.5605333333333335,1.4406311782366736,-2.416466666666667,-2.416576177341119,-1.5691333333333333,-1.5691333343102314,0.0,-1.31410147184407e-09,0.12390956516962934,0.170201,0.05
265,1.471466666666667,1.6606581064422303,-0.7777666666666666,-0.6440896139802945,1.493,1.440669688471656,-2.4085666666666667,-2.4087220641304383,-1.5628333333333335,-1.562833334362153,0.0,2.2973749988472853e-10,0.09695483566442248,0.153425,0.05
266,1.5012,1.5010589420565033,-0.7379333333333333,-0.7379325649110645,1.4200333333333333,1.4200333421947435,-2.3976666666666664,-2.3976652833720515,-1.5578000000000003,-1.5578000852228393,0.0,4.508064429135209e-08,5.759030122924736e-05,0.000103,0.05
267,1.5294333333333334,1.5294104328392513,-0.6957,-0.695638831582393,1.3417333333333332,1.3420311468935187,-2.3839333333333332,-2.383943770357831,-1.5537333333333334,-1.5537359137666034,0.0,-4.1312278852660914e-08,0.0001245488635000974,0.000192,0.05
268,1.5561999999999998,1.556191663800418,-0.6507000000000001,-0.6507037823862432,1.2574666666666665,1.2576499402775227,-2.3676,-2.3676060078800734,-1.5503,-1.55030080101665,0.0,-4.361264931025716e-08,7.495526805830681e-05,9.1e-05,0.05
269,1.5736666666666668,1.5736636777273183,-0.6154000000000001,-0.6154056895803169,1.1967999999999999,1.1968897700551084,-2.3482333333333334,-2.34823550730942,-1.5490000000000002,-1.5490001461454317,0.0,3.995959476182734e-09,3.675303938290409e-05,4.2e-05,0.015
270,1.5822666666666667,1.5822313861758346,-0.5905999999999999,-0.5907161753242522,1.1618666666666668,1.1622299247800776,-2.3278333333333334,-2.3279369958927902,-1.5495333333333334,-1.5495310740572177,0.0,-3.059978098976588e-08,0.00016199223615927203,0.000106,0.015
271,1.5825000000000002,1.5824931614669642,-0.5773333333333333,-0.5777899280055622,1.1549666666666667,1.15515260607437,-2.3082333333333334,-2.3088264147908735,-1.5517333333333332,-1.551677022325834,0.0,2.7504090618075754e-08,0.00031570436307272036,0.000344,0.015
272,1.5827,1.5826947490073247,-0.5637666666666666,-0.5642705530044928,1.1483666666666668,1.148540386715504,-2.291733333333333,-2.2921693845852404,-1.5537,-1.5536482875199733,0.0,3.403069813425639e-08,0.0002819345508501461,0.00037,0.015
273,1.5828999999999998,1.582894782980248,-0.5499333333333334,-0.550459272620749,1.1419333333333332,1.1421024738999168,-2.278033333333333,-2.2783938822705694,-1.5554333333333332,-1.5553876997287241,0.0,3.002744835866515e-08,0.0002699771118446918,0.000381,0.015
274,1.5830666666666666,1.58306230718907,-0.5358,-0.5363477034295621,1.1356,1.1357664633318378,-2.2668666666666666,-2.267160278053032,-1.5569666666666666,-1.5569263139128997,0.0,3.344794171846947e-08,0.00026316790733432293,0.000393,0.015
275,1.5831999999999997,1.5831965217323025,-0.5214333333333333,-0.5219981422840229,1.1293333333333333,1.129498021461295,-2.2579666666666665,-2.2582002869211415,-1.5583333333333336,-1.5582973918969107,0.0,3.919300701472269e-08,0.00025884797349859465,0.000401,0.015
276,1.5833333333333333,1.583329879461015,-0.5068333333333334,-0.5074141735652331,1.1230666666666667,1.123231309349409,-2.2510999999999997,-2.251279925579178,-1.5595666666666668,-1.5595342538055095,0.0,4.1632713281720476e-08,0.0002575261561318605,0.000409,0.015
277,1.5834666666666666,1.583463188967096,-0.4920333333333333,-0.49262830889352116,1.1168,1.1169646415193448,-2.2460333333333335,-2.2461667145697652,-1.5606666666666669,-1.560637716419715,0.0,2.1521610839510633e-08,0.00025811609564984115,0.000416,0.015
278,1.5835666666666663,1.5835640122869852,-0.47700000000000004,-0.4776105017135786,1.1104666666666667,1.110633014876999,-2.2426,-2.242691516765195,-1.5616333333333332,-1.561607836574582,0.0,-4.163956708420589e-09,0.00026122037890463846,0.000424,0.015
279,1.5836333333333332,1.5836315587119767,-0.46176666666666666,-0.46239034009545255,1.1040666666666665,1.104234765239537,-2.2406333333333333,-2.240686022829189,-1.5624666666666667,-1.56244468061258,0.0,-1.0815453415890696e-10,0.0002647289163161172,0.000431,0.015
280,1.5837,1.5836982479001744,-0.4463,-0.4469376634181832,1.0975,1.097672410057551,-2.24,-2.2400175621844274,-1.5631666666666668,-1.5631481838195453,0.0,-4.56760515047848e-12,0.0002698743468873514,0.000437,0.015
281,1.5837666666666668,1.5837649151430826,-0.43063333333333337,-0.43128293242773874,1.0907666666666664,1.0909434537748997,-2.2405333333333335,-2.2405201295919213,-1.5637999999999999,-1.563783313501196,0.0,-2.182188393054767e-12,0.000274981366324526,0.000443,0.015
282,1.5838,1.5837996407294654,-0.4201,-0.4202393387323839,1.0862,1.0862485730068465,-2.2412666666666667,-2.2412590221270214,-1.5642000000000003,-1.5641957331279348,0.0,-1.0904705040045386e-12,6.034814771445342e-05,9e-05,0.015
283,1.5839,1.583897430802122,-0.4191666666666667,-0.41919412707154974,1.0849,1.084934523482927,-2.2414666666666667,-2.2414613509664516,-1.5647333333333335,-1.564719570767271,0.0,-4.0992581005544083e-13,1.9018457617527364e-05,1e-05,0.015
284,1.5840333333333334,1.5840298542298865,-0.4293,-0.42896884303146704,1.0885999999999998,1.0885061637676086,-2.2398000000000002,-2.2398425305847414,-1.5655999999999999,-1.565577461013634,0.0,9.84157219660233e-13,0.00014189147086356298,0.000221,0.015
285,1.5842,1.5841956442705598,-0.44480000000000003,-0.4441302723860313,1.0944333333333331,1.0942815977379816,-2.2367333333333335,-2.2368129287829697,-1.5668999999999997,-1.5668661430053643,0.0,1.8632750124009977e-12,0.0002825654708430142,0.000462,0.015
286,1.5843,1.5842973284955182,-0.46026666666666666,-0.4595765082228061,1.1000666666666665,1.0999185688513407,-2.2333333333333334,-2.233422410976844,-1.5680666666666667,-1.5680359332642804,0.0,1.949836479668768e-12,0.00029072843745443533,0.000478,0.015
287,1.5844000000000003,1.5843973716115745,-0.4754666666666667,-0.4747850326057732,1.1050333333333333,1.1049023953157346,-2.2293333333333334,-2.229438013721007,-1.5690333333333335,-1.5690077998947933,0.0,1.962579519798815e-12,0.0002867596571741269,0.000476,0.015
288,1.5845,1.5844973379485745,-0.4896666666666667,-0.48903303705609674,1.1085666666666667,1.1084728613004562,-2.2258,-2.2258945050355936,-1.5697333333333334,-1.5697147037826997,0.0,-3.471659550996259e-08,0.0002644400624443132,0.000455,0.015
289,1.5846,1.5845973332607284,-0.5042666666666666,-0.5036130637960106,1.1123,1.1122020252492917,-2.2217333333333333,-2.221841360475028,-1.5704,-1.570382394425628,0.0,-3.9725929298058984e-08,0.0002734906143954527,0.000467,0.015
290,1.5846666666666664,1.5846648542165795,-0.5181,-0.5174822540582869,1.1150000000000002,1.114928371846382,-2.2182666666666666,-2.218359619847671,-1.5709,-1.5708866888748811,0.0,-3.90435813474954e-08,0.0002567623438461758,0.000451,0.015
291,1.5847,1.5846990622454833,-0.5322666666666667,-0.5316321237790448,1.1178666666666668,1.1177914463192675,-2.2142666666666666,-2.214372888134361,-1.5713666666666668,-1.571354317815631,0.0,-3.981098056807522e-08,0.00026449295900644784,0.000461,0.015
292,1.5847333333333333,1.5847324180904323,-0.5463,-0.5456698712546467,1.1204333333333334,1.1203657010257733,-2.2098999999999998,-2.2100159255226743,-1.5717666666666668,-1.5717560491486948,0.0,-3.992339236226036e-08,0.00026305533717740855,0.000459,0.015
293,1.5847666666666669,1.5847657516747042,-0.5601666666666666,-0.5595418927281467,1.1225,1.1224453619462598,-2.2052333333333336,-2.2053571823803377,-1.5721,-1.5720911327756764,0.0,-4.0429737146518447e-08,0.00026100633585096573,0.000459,0.015
294,1.5848000000000002,1.5847990848488247,-0.5737666666666668,-0.573153201301758,1.1240333333333334,1.1239926812658243,-2.2002666666666664,-2.200398388437076,-1.5723666666666667,-1.572359550474085,0.0,-4.0737885512102816e-08,0.00025670815098520353,0.000455,0.015
295,1.5848000000000002,1.5847999377035713,-0.5871333333333334,-0.5865294310111948,1.1250333333333333,1.1250066926404052,-2.1950333333333334,-2.1951720850066985,-1.5726000000000002,-1.5725937810118302,0.0,-4.133901602058122e-08,0.00025321218028539187,0.000453,0.015
296,1.5722666666666667,1.57245422518114,-0.5991333333333334,-0.5989543779078894,1.1299333333333332,1.1298828845326376,-2.186733333333333,-2.1868212801308435,-1.5740666666666667,-1.5740515144877145,0.0,-4.5912486812507054e-08,0.000113807258091746,0.000186,0.05
297,1.5471333333333332,1.5487552175660768,-0.6087333333333333,-0.6084833825192307,1.1372666666666664,1.1370776418440351,-2.1766,-2.1768632719194128,-1.5765333333333331,-1.576469726187653,0.0,-5.060739572177303e-08,0.0006833827907985192,0.001291,0.05
298,1.5093666666666667,1.5094465583197496,-0.6151666666666666,-0.6149955952454428,1.1459000000000001,1.1456741476312073,-2.165533333333333,-2.165823467899857,-1.5797666666666668,-1.5796822619131687,0.0,-3.985279884378033e-09,0.0001722206090079196,9.9e-05,0.05
299,1.4715,1.4718475413637968,-0.6188,-0.6187025934373118,1.1503666666666668,1.150246538179359,-2.1570666666666667,-2.1572907844873455,-1.5823,-1.5822329890119462,0.0,1.8319287376611576e-09,0.000182310706184261,0.000278,0.05
300,1.4336666666666666,1.4339310392330604,-0.6200000000000001,-0.6199668436201154,1.151,1.1509807113773916,-2.1507,-2.1508689658922218,-1.5842333333333334,-1.5841821148347122,0.0,-7.956243651004552e-09,0.00013072685120089857,0.000211,0.05
301,1.3959666666666666,1.396217682123894,-0.6188000000000001,-0.6188299722424414,1.1477666666666666,1.147848946211261,-2.1460333333333335,-2.146157551613029,-1.5856666666666668,-1.5856286447183157,0.0,-1.468290099649135e-08,0.00012079794998627568,0.000204,0.05
302,1.3585333333333331,1.3587633122568938,-0.6152000000000001,-0.6152931786351199,1.1405333333333332,1.140720613023008,-2.1427666666666667,-2.1428545295439,-1.5866333333333333,-1.5866075695601198,0.0,-3.678141059402584e-08,0.00013230640199202845,0.000194,0.05
303,1.3214666666666666,1.3216781156195785,-0.6092,-0.6093562485410453,1.1292333333333333,1.129527407693389,-2.1405666666666665,-2.1406263341253324,-1.5872,-1.5871847887954607,0.0,-3.8623121009745554e-08,0.00016299058427172915,0.000192,0.05
304,1.2848666666666666,1.2850608129607886,-0.6007666666666667,-0.6009867192256934,1.1137333333333332,1.1141376616369507,-2.1391999999999998,-2.1392371722699783,-1.5873666666666668,-1.5873619838216413,0.0,-2.3338798825068082e-08,0.00020453239213681922,0.000196,0.05
305,1.2488,1.2489530166118041,-0.5890666666666666,-0.5893719997047181,1.0922666666666665,1.0928265641379058,-2.1374666666666666,-2.1375127235370743,-1.5866333333333333,-1.5866519570615356,0.0,-2.486132195351696e-08,0.00026851306768198416,0.000194,0.05
306,1.2248333333333334,1.2265638549389393,-0.5764666666666667,-0.5767987420984146,1.0760666666666667,1.0764957200419305,-2.1348333333333334,-2.134899822924373,-1.5853666666666666,-1.5853996576419813,0.0,6.884584986380138e-08,0.0007410100306983017,0.001414,0.015
307,1.2128666666666668,1.21347594619793,-0.5624333333333333,-0.5629159359663548,1.0643666666666667,1.0646771704330733,-2.1312666666666664,-2.13135865232246,-1.5833000000000002,-1.5833537932382113,0.0,3.410048251151772e-08,0.0003444547653128304,0.000563,0.015
308,1.2126666666666666,1.2126874391199032,-0.5498333333333334,-0.5503383544882807,1.0623666666666667,1.0624258155630866,-2.1280666666666668,-2.1281487793832823,-1.5816,-1.581644984282537,0.0,6.694355065312683e-08,0.00021124335969535804,0.000388,0.015
309,1.2125333333333332,1.2125373197425409,-0.5357333333333334,-0.5363103783332178,1.0581333333333334,1.058243220878415,-2.1260333333333334,-2.1260858315745126,-1.5797,-1.579749857066355,0.0,5.0147751055623016e-08,0.0002416312241209948,0.00042,0.015
310,1.2123666666666668,1.2123710747016752,-0.5227666666666667,-0.5232982275090542,1.0557999999999998,1.0558625464544873,-2.124966666666667,-2.124993715703399,-1.5784000000000002,-1.578434618388851,0.0,4.652683546541531e-08,0.00021924814871919867,0.000403,0.015
311,1.2122333333333333,1.2122368835064599,-0.5085000000000001,-0.5090909690972724,1.0517,1.0518065611892349,-2.1251666666666664,-2.125161246031315,-1.577,-1.5770367633403426,0.0,2.777790023221511e-08,0.0002456261698745915,0.000428,0.015
312,1.2120999999999997,1.212103527784351,-0.49520000000000003,-0.4957507196855349,1.0491,1.0491692879664443,-2.125866666666667,-2.1258476181058303,-1.5760333333333332,-1.5760590581258365,0.0,2.688785814126966e-08,0.00022698386614262032,0.000411,0.015
313,1.212,1.2120026494730074,-0.48046666666666665,-0.48108396981432267,1.0446000000000002,1.0447169740524451,-2.128133333333333,-2.128074854056965,-1.5749666666666666,-1.5749946302957292,0.0,-4.2106501276616846e-10,0.00025786136943251785,0.000441,0.015
314,1.2119,1.2119026278146092,-0.4665333333333333,-0.4671159689057142,1.0411333333333335,1.0412250748285667,-2.1305333333333336,-2.1304703962638585,-1.5741666666666667,-1.574187862534989,0.0,-1.3091745986487824e-11,0.00024231451913747407,0.000424,0.015
315,1.2118333333333335,1.2118351072593236,-0.4512666666666667,-0.4519119065643469,1.0359666666666667,1.0361012822389055,-2.1345666666666667,-2.134461802144355,-1.5733333333333335,-1.5733552092803593,0.0,-2.2875850442118605e-12,0.0002726212726350392,0.000452,0.015
316,1.2118,1.2118008987324276,-0.43606666666666666,-0.4367133505165535,1.0309666666666668,1.0310981131768449,-2.1392333333333338,-2.139111182134896,-1.5726666666666667,-1.5726842933570866,0.0,-1.6565387077877998e-12,0.00027407742517928735,0.000454,0.015
317,1.2117333333333333,1.211735062993551,-0.4209,-0.4215442669552143,1.0258999999999998,1.0260330720762265,-2.144233333333333,-2.1441022062626534,-1.572066666666667,-1.5720824779095013,0.0,-1.2671359453654832e-12,0.0002739328941066613,0.000451,0.015
318,1.2116666666666667,1.211669969696058,-0.4055333333333333,-0.406197805165896,1.0205333333333333,1.020617550742025,-2.1498666666666666,-2.1501241896244982,-1.5715333333333332,-1.571523012542522,0.0,7.372439443538954e-06,0.000293003197819808,0.00053,0.015
319,1.2116,1.2116023188870837,-0.39546666666666663,-0.3956128740623609,1.0171,1.0170943670179242,-2.1534999999999997,-2.153723901254489,-1.5712,-1.5711258525275051,0.0,1.2359127697986776e-05,0.00011342844863377833,0.000147,0.015
320,1.2116666666666667,1.211665019072003,-0.39463333333333334,-0.39465840833520605,1.0166666666666666,1.0166776271247837,-2.1567000000000003,-2.1566238070637045,-1.5713,-1.571295542189436,0.0,3.166216981293588e-07,3.310825122465178e-05,1.1e-05,0.015
321,1.2117666666666667,1.2117640642987713,-0.40476666666666666,-0.40443848870951665,1.0212,1.0210842256765016,-2.1574333333333335,-2.157412620860493,-1.5718333333333334,-1.5718195649780262,0.0,7.517989209096032e-09,0.00014243701067191496,0.000218,0.015
322,1.2118666666666666,1.2118640400671752,-0.4200333333333333,-0.41938199086743205,1.0278666666666667,1.0276930358774437,-2.1580333333333335,-2.1580174426258703,-1.5725666666666667,-1.572547540901427,0.0,2.1833754150385684e-10,0.00027538453943446107,0.000454,0.015
323,1.2119666666666666,1.2119640394344584,-0.4345666666666666,-0.4339264689700959,1.0331666666666666,1.0330265414878417,-2.1579333333333337,-2.1579354865312226,-1.5731,-1.5730858570474318,0.0,6.807321010299694e-12,0.00026761281675606987,0.000457,0.015
324,1.212,1.2119990794180031,-0.4493666666666667,-0.4487102234033394,1.038433333333333,1.03829491924522,-2.1568,-2.1568290684551994,-1.5735333333333335,-1.573521877940788,0.0,1.533175946474603e-12,0.0002741815901713226,0.000468,0.015
325,1.2120666666666666,1.2120649364317437,-0.4633666666666667,-0.4627451772267061,1.0424,1.0422949097740222,-2.1553333333333335,-2.1553716241524534,-1.5738666666666667,-1.573857840079971,0.0,1.1638393208040237e-11,0.0002578242840751125,0.000452,0.015
326,1.2120666666666666,1.21206662237273,-0.4785,-0.4778224499352633,1.0475,1.0473667495339498,-2.152566666666667,-2.1526384735783033,-1.5741666666666667,-1.5741587607098821,0.0,1.009979473487569e-11,0.00028344561959356705,0.000481,0.015
327,1.2121333333333333,1.2121315913791233,-0.49239999999999995,-0.4917770964006069,1.0508,1.0507121087902882,-2.1500333333333335,-2.150101457433091,-1.574366666666667,-1.5743613442737292,0.0,2.5855474651026586e-13,0.0002583298970051674,0.000457,0.015
328,1.2121666666666666,1.212165733066701,-0.5064666666666667,-0.5058362111046081,1.0540666666666667,1.0539807900075386,-2.1470333333333333,-2.147113350377995,-1.5745333333333333,-1.5745289304086898,0.0,6.618998494431996e-15,0.00026181163747511423,0.000462,0.015
329,1.2122,1.2121990876835735,-0.5197333333333334,-0.5191397669183292,1.0561666666666667,1.0561107082462753,-2.1443333333333334,-2.14440593189726,-1.5747,-1.5746956206138774,0.0,1.694483990543752e-16,0.00024520161658722123,0.000446,0.015
330,1.2122,1.2121999425349173,-0.5332666666666667,-0.5326597476995697,1.0583666666666667,1.058308914126662,-2.1410666666666667,-2.1411535269859554,-1.5748666666666666,-1.5748622878886667,0.0,4.338864213799335e-18,0.0002514126357753323,0.000454,0.015
331,1.2122,1.212199964197229,-0.5467,-0.5460946350135156,1.0602,1.0601515881920984,-2.1374,-2.1374974574502508,-1.575,-1.5749964745719438,0.0,1.1408974834748613e-19,0.0002511045116213856,0.000456,0.015
332,1.2122,1.2121999622761876,-0.5599,-0.5593038813497497,1.0615333333333334,1.0614979606822945,-2.1334000000000004,-2.133506339242592,-1.5750666666666666,-1.575064869744093,0.0,2.0555238573173376e-21,0.0002476287323415256,0.000453,0.015
333,1.2081333333333333,1.2081749317086563,-0.5886666666666667,-0.5881910870025495,1.0952,1.0947638944888527,-2.1185000000000005,-2.11865533592561,-1.5769333333333335,-1.5769142002600278,0.0,2.2644783907016644e-23,0.00027159706149716754,0.000205,0.05
334,1.1997,1.1997139296288077,-0.6313666666666666,-0.6311679086619699,1.1595666666666666,1.1591877156622727,-2.0973333333333333,-2.097366663800122,-1.5801666666666667,-1.5801613378345296,0.0,2.2644783907016644e-23,0.0001753291947495624,0.000103,0.05
335,1.1865666666666665,1.1865686174291374,-0.6872333333333334,-0.6872632854772976,1.2538666666666665,1.2537504874895375,-2.0736666666666665,-2.0736671981100034,-1.5845,-1.5844995450728991,0.0,2.2644783907016644e-23,4.898813970631857e-05,8e-05,0.05
336,1.1723999999999999,1.172402082739499,-0.7398333333333333,-0.7399079914802363,1.3446666666666667,1.3445673406141296,-2.0612999999999997,-2.0612996933144023,-1.5879,-1.587899643452088,0.0,3.6366520255253645e-21,5.0734706394916844e-05,0.0001,0.05
337,1.157066666666667,1.1570722223888634,-0.7903666666666668,-0.7904297032292723,1.4331666666666667,1.4329420761629434,-2.0582999999999996,-2.0582987563192696,-1.5906666666666667,-1.5906659413333084,0.0,-1.7843588369021576e-21,9.526055627168924e-05,0.000152,0.05
338,1.1404333333333334,1.1404393136034747,-0.8392666666666667,-0.8392575531550786,1.5197,1.519494265477581,-2.0631666666666666,-2.063164170596418,-1.593,-1.5929993881595788,0.0,1.8296484047161894e-21,8.411511770072612e-05,0.000101,0.05
339,1.1223666666666665,1.1223731222985038,-0.8868666666666667,-0.8868469660023739,1.6044666666666665,1.604279215894069,-2.0745666666666667,-2.0745625663296865,-1.5950333333333333,-1.5950328001685945,0.0,1.8296484047161894e-21,7.701155814914146e-05,8.7e-05,0.05
340,1.1027333333333333,1.1027402731338292,-0.9333666666666667,-0.933339994687388,1.6875666666666664,1.6873964697954618,-2.091366666666667,-2.091361467878659,-1.5968666666666669,-1.5968661859490465,0.0,9.057662887952886e-21,7.041991759391916e-05,7.6e-05,0.05
341,1.0813333333333333,1.0813407995482205,-0.9789666666666667,-0.9789373368314138,1.7690666666666666,1.7689130304931058,-2.1125333333333334,-2.112527392927486,-1.5986,-1.5985995455030575,0.0,5.4436556463345374e-21,6.397337000164237e-05,6.7e-05,0.05
342,1.0579666666666665,1.0579746969276689,-1.0238,-1.0237725027284756,1.849,1.8488625760847959,-2.137166666666667,-2.1371600108142985,-1.6003333333333334,-1.6003328788388513,0.0,-5.3983660785205075e-21,5.7373664747079425e-05,6e-05,0.05
343,1.0323333333333333,1.032355011597196,-1.0680333333333334,-1.0679687462813137,1.9273999999999998,1.927096108596466,-2.1644666666666668,-2.164448554423226,-1.6021666666666665,-1.6021654648859582,0.0,-1.7843588369021602e-21,0.00012735836394061153,0.000133,0.05
344,1.0041333333333333,1.0041567595214493,-1.1117666666666668,-1.1117060008968893,2.0042666666666666,2.003988440140952,-2.193766666666667,-2.1937458217965164,-1.6041999999999998,-1.6041986666541503,0.0,-1.2626380561757202e-20,0.00011695826032281842,0.000122,0.05
345,0.973,0.9730252896957919,-1.1551333333333333,-1.1550766159753678,2.0796333333333332,2.0793707296197415,-2.224466666666667,-2.224443573149977,-1.6064999999999998,-1.6064984918032654,0.0,-9.012373320138853e-21,0.0001105687742014828,0.000116,0.05
346,0.9385,0.9385292611929226,-1.1982666666666668,-1.198212963689252,2.1534666666666666,2.1532199242682757,-2.256066666666667,-2.2560421376304105,-1.6091666666666666,-1.609164918053881,0.0,-1.7843588369021572e-21,0.00010426470289966137,0.000109,0.05
347,0.9001333333333333,0.9001689357448494,-1.2413333333333334,-1.2412813629259571,2.2258,2.22556878002225,-2.288133333333333,-2.2881080455633045,-1.6123,-1.6122979453945645,0.0,5.443655646334539e-21,9.838260836811799e-05,0.000102,0.05
348,0.8727,0.8727279409381241,-1.2615666666666667,-1.2615504912601043,2.2753666666666668,2.2751585074305622,-2.3196999999999997,-2.3196559008840674,-1.6123333333333332,-1.6123333101455612,0.0,-1.7843588369021557e-21,8.786100760102841e-05,9.7e-05,0.015
349,0.8576,0.8577549700251492,-1.2587,-1.2587290260991404,2.3024333333333336,2.302001764346656,-2.350533333333333,-2.349889772410043,-1.6094333333333333,-1.6094630291926504,0.0,9.057662887952889e-21,0.0003230486339635153,0.000149,0.015
350,0.8563666666666666,0.8563808853089279,-1.2325,-1.2329357313080855,2.3072000000000004,2.3071467700626362,-2.3805666666666663,-2.3799366487257476,-1.6037,-1.6037590134225679,0.0,9.057662887952889e-21,0.00031445788239129624,0.000145,0.015
351,0.8553666666666665,0.8553770649541069,-1.2055999999999998,-1.2060823347798308,2.311166666666667,2.3111255029034026,-2.4104666666666668,-2.409845918883808,-1.5988666666666667,-1.598916764315627,0.0,9.057662887952889e-21,0.00032204735779538463,0.00016,0.015
352,0.8545333333333334,0.8545420074599165,-1.1781666666666668,-1.1786789491149392,2.3143666666666665,2.3143334770910546,-2.440233333333333,-2.4396214336337843,-1.594833333333333,-1.5948751477137035,0.0,9.057662887952889e-21,0.00032654243724281854,0.00017,0.015
353,0.8538333333333332,0.8538406198975116,-1.1502333333333334,-1.150773313003867,2.3168333333333333,2.316807734755875,-2.4698666666666664,-2.4692639252184367,-1.5914666666666666,-1.5915015695514756,0.0,9.057662887952889e-21,0.0003308579480071621,0.000179,0.015
354,0.8532666666666667,0.8532725847009772,-1.1218666666666668,-1.1224303016157229,2.3185666666666664,2.318548655136492,-2.499333333333334,-2.4987416926172483,-1.5886666666666667,-1.588695696124179,0.0,-1.9854395044993895e-20,0.00033389749936181534,0.000187,0.015
355,0.8527999999999999,0.8528048752034282,-1.0930666666666669,-1.0936543940483985,2.3195666666666668,2.319556242169302,-2.5286333333333335,-2.5280531247774114,-1.5863333333333334,-1.5863575239733374,0.0,9.057662887952889e-21,0.0003373383732544918,0.000195,0.015
356,0.8524333333333334,0.8524371332264771,-1.0639,-1.0645080373930458,2.3198333333333334,2.31983049477454,-2.5577,-2.557135931516475,-1.5844333333333334,-1.5844530364618137,0.0,-6.176366281319817e-10,0.00033869687414279036,0.000203,0.015
357,0.8521,0.8521034474997341,-1.0344333333333333,-1.035058077551267,2.3194,2.3194044070524047,-2.586533333333333,-2.5859852329503874,-1.5828999999999998,-1.5829159024989738,0.0,-6.463327870793179e-10,0.0003393630220639283,0.00021,0.015
358,0.8518333333333333,0.8518360958438368,-1.0047,-1.0053390326232854,2.318233333333333,2.3182453241168792,-2.6151333333333335,-2.6146011882421583,-1.5816666666666663,-1.5816794583699014,0.0,-5.181309788243234e-10,0.0003395723118157344,0.000216,0.015
359,0.8516,0.8516024151211065,-0.9747666666666667,-0.9754162643353633,2.3163666666666667,2.3163859032807803,-2.6435,-2.6429838093808313,-1.5806666666666667,-1.5806770372822643,0.0,-4.0800308550346485e-10,0.0003388493559814797,0.00022,0.015
360,0.8514333333333334,0.8514350629288485,-0.9446333333333333,-0.9452933255829892,2.3138,2.3138264789557623,-2.6716333333333337,-2.671133097133707,-1.5798666666666668,-1.5798749645699508,0.0,-3.1822392526887725e-10,0.0003382797182856868,0.000225,0.015
361,0.8513333333333334,0.8513343741474989,-0.9245,-0.9247760113898489,2.311866666666667,2.311886734763921,-2.6903,-2.6900759939532897,-1.5794,-1.5794048634832163,0.0,-1.6776878009474684e-10,0.0001453664688409528,9.2e-05,0.015
362,0.8513999999999999,0.8513983177662613,-0.9222333333333333,-0.9222984258938629,2.3151333333333333,2.3150502231082686,-2.7092000000000005,-2.7086427088305456,-1.5795666666666666,-1.5795625216719544,0.0,-4.718444395941735e-09,0.00023156633657651126,7e-06,0.015
363,0.8515333333333334,0.8515298769244919,-0.9380666666666667,-0.9376629997394414,2.3234999999999997,2.323283685698005,-2.7271,-2.726585400031858,-1.5801999999999998,-1.580183680555549,0.0,-1.2079217655589383e-10,0.00028131544086787885,0.000167,0.015
364,0.8517,0.8516982605053837,-0.9620000000000001,-0.9616283062405789,2.3354666666666666,2.3353419099746473,-2.7520666666666664,-2.751681036061269,-1.5809666666666666,-1.5809586523670107,0.0,5.364323788658775e-09,0.0002245360779045636,0.000161,0.015
365,0.8517666666666667,0.8517649232197734,-0.9863,-0.9853493080274289,2.3463666666666665,2.346084425294944,-2.7733666666666665,-2.7726455159719694,-1.5814333333333332,-1.5814211916815373,0.0,1.5255998496807224e-08,0.0005006136571970285,0.000393,0.015
366,0.8518,0.8517996449328332,-1.0109000000000001,-1.0104972811767012,2.3561333333333336,2.356030428282949,-2.791233333333334,-2.7910241848050545,-1.5816333333333332,-1.5816311667110399,0.0,8.328041332319187e-09,0.00018996483328479047,0.000161,0.015
367,0.8518,0.8517999955622023,-1.0358,-1.03540369494566,2.3648333333333333,2.3647431904995644,-2.8058666666666667,-2.80571467965157,-1.5816333333333334,-1.581633311173735,0.0,8.535036232641957e-11,0.00017714564621806563,0.000155,0.015
368,0.8517666666666667,0.8517672221318046,-1.0609666666666666,-1.0605640708410624,2.3725,2.3724205702708585,-2.8174333333333337,-2.8173139199881647,-1.5814666666666666,-1.581468537931558,0.0,2.220199435216016e-07,0.00017447821599297068,0.000156,0.015
369,0.8517333333333333,0.8517339528767465,-1.0864333333333331,-1.0860231649867977,2.379166666666667,2.3790975866395736,-2.8261000000000003,-2.826010834369256,-1.5812,-1.5812029679949031,0.0,2.8756985828605424e-07,0.00017367110097010868,0.000158,0.015
370,0.8516666666666667,0.8516677101214565,-1.1121333333333334,-1.1117173250880494,2.384866666666667,2.3848075912871893,-2.8320333333333334,-2.831972619782801,-1.5808666666666664,-1.5808703993663937,0.0,3.714238044799605e-07,0.00017332727022587578,0.000159,0.015
371,0.8516,0.8516011473721548,-1.1381,-1.1376771846289007,2.3896333333333337,2.389583917734781,-2.8354,-2.8353660959905405,-1.5805,-1.5805041719577806,0.0,4.753997904862485e-07,0.00017434791317700874,0.000161,0.015
372,0.8515,0.8515016107011373,-1.1642,-1.1637737666804158,2.3934666666666664,2.393426907317604,-2.8363333333333336,-2.836324889330799,-1.5801,-1.580104629111133,0.0,6.01068940723648e-07,0.00017481005599044117,0.000161,0.015
373,0.8513999999999999,0.8514017654194215,-1.1904666666666666,-1.1900360634464209,2.3964,2.3963695555309323,-2.834966666666667,-2.834982349665465,-1.5797,-1.5797047738412882,0.0,7.561117951152159e-07,0.00017636063119145387,0.000162,0.015
374,0.8513000000000001,0.8513012300810504,-1.2168,-1.2163674416211692,2.3984,2.398379208248637,-2.8313666666666664,-2.831404109228487,-1.5793,-1.5793043104481184,0.0,2.0058618881747993e-07,0.00017746414039391083,0.000163,0.015
375,0.8314666666666666,0.8316700056672383,-1.2322666666666666,-1.232103862902345,2.3953,2.395331531092466,-2.8249666666666666,-2.825033487918295,-1.5820999999999998,-1.5820716013674951,0.0,2.620022476097406e-07,0.00011114379219832253,0.000112,0.05
376,0.7923666666666667,0.793815124136852,-1.2360333333333333,-1.2359327758533336,2.3858333333333337,2.3860764871959677,-2.816733333333333,-2.816945510866133,-1.5874,-1.5872633439640107,0.0,-2.731132288237126e-07,0.0006097757651822324,0.000649,0.05
377,0.7348333333333333,0.7354998570214546,-1.2272333333333334,-1.2272690270118936,2.3689999999999998,2.3690699452915545,-2.8074666666666666,-2.8075036888579796,-1.5945333333333334,-1.594502803246983,0.0,-8.150576857737258e-07,0.0002746887943557825,0.000292,0.05
378,0.6795,0.6801256542388843,-1.2159666666666666,-1.2160130191896088,2.348,2.348086302495914,-2.7985333333333333,-2.798568539921638,-1.5997333333333332,-1.5997112586736415,0.0,-6.855879019376747e-07,0.0002590904502000887,0.000281,0.05
379,0.6268666666666666,0.6274570575667816,-1.2022333333333335,-1.2022898301012326,2.3232,2.3233019342950234,-2.7896666666666667,-2.7897018718256303,-1.6032,-1.6031851646979522,0.0,-5.565081912402714e-07,0.0002461719247902042,0.000272,0.05
380,0.5770666666666666,0.5776071535316485,-1.1862000000000001,-1.1862747895508958,2.2947,2.2948221625843503,-2.7807666666666666,-2.780802326799993,-1.6051666666666666,-1.605158128793862,0.0,-4.2782889099420596e-07,0.00022876040907998394,0.000259,0.05
381,0.5301666666666667,0.5313705793117456,-1.1680666666666666,-1.1683040194534409,2.2627,2.263095532755969,-2.7717000000000005,-2.7717930692818546,-1.6058666666666668,-1.6058592991163985,0.0,-1.3022370211572484e-07,0.0005277158882698651,0.00061,0.05
382,0.49953333333333333,0.49981463857684383,-1.1484333333333334,-1.148549839787445,2.238466666666667,2.238612156820491,-2.7613,-2.761342179179249,-1.6038666666666666,-1.6038744170365224,0.0,-3.8988806505263423e-07,0.0001388722927390723,0.000154,0.015
383,0.48423333333333335,0.48463209809026453,-1.1279333333333332,-1.1287095770267475,2.223733333333333,2.2241142312146045,-2.7506,-2.750874794364873,-1.5999666666666668,-1.6000665847188968,0.0,-1.2467495502621836e-07,0.0004066420158985204,0.000365,0.015
384,0.48333333333333334,0.4833661921267005,-1.107,-1.1077932694622508,2.219533333333333,2.2196505828152104,-2.7407000000000004,-2.7409582603436045,-1.5947666666666667,-1.5949019170087502,0.0,-4.0752698063735984e-07,0.00034859116627556085,0.000361,0.015
385,0.48256666666666664,0.48258674294035214,-1.0856000000000001,-1.0864243080463818,2.2157999999999998,2.215898574920069,-2.7337000000000002,-2.733883550603314,-1.5904333333333334,-1.5905473095710978,0.0,-4.204230725397918e-07,0.00035030591641894656,0.000374,0.015
386,0.4819333333333333,0.4819497378924635,-1.0636333333333334,-1.064494290571936,2.2119666666666666,2.2120673235179535,-2.7294,-2.7295126707479866,-1.5868,-1.586895588874983,0.0,-3.5572865067047597e-07,0.00035904510742349014,0.000384,0.015
387,0.4814,0.4814138106688255,-1.0411333333333335,-1.0420296779043539,2.208066666666667,2.2081690834820598,-2.7275666666666667,-2.727614509377196,-1.5837666666666665,-1.5838464900245943,0.0,-2.961123133770884e-07,0.00037030939986055757,0.000395,0.015
388,0.4809666666666666,0.4809779024328234,-1.0181666666666664,-1.0190938409577381,2.2040333333333333,2.2041392085371405,-2.728,-2.727988281406582,-1.5812666666666668,-1.581332487495093,0.0,-2.4392611342727007e-07,0.00038198118052093597,0.000404,0.015
389,0.48059999999999997,0.48060950698878613,-0.9947666666666666,-0.9957224311310514,2.1998333333333333,2.1999435637385507,-2.7305000000000006,-2.730433964036905,-1.579233333333333,-1.5792868941874219,0.0,-1.9874086345037358e-07,0.00039432566690102036,0.000412,0.015
390,0.4803,0.4803077930970633,-0.971,-0.9719799281378625,2.1954333333333333,2.1955487952317068,-2.734833333333333,-2.7347190786184328,-1.5776000000000001,-1.577643044385469,0.0,-1.5989270629257276e-07,0.0004059060487098658,0.000419,0.015
391,0.48006666666666664,0.4800690337797328,-0.9469,-0.9473005929385937,2.1908,2.1908486276631725,-2.7408,-2.740735727029893,-1.5762666666666665,-1.5762806423213362,0.0,-1.3357435957689832e-07,0.0001669187960022261,0.00017,0.015
392,0.47986666666666666,0.47987172258545935,-0.9225,-0.9234833227511571,2.1859333333333333,2.186059164868177,-2.7482333333333333,-2.748038671287759,-1.5752,-1.5752275180618318,0.0,-1.693449715484219e-07,0.00041260016052893975,0.000415,0.015
393,0.47973333333333334,0.47973472498231656,-0.8978333333333334,-0.8982477142024204,2.1807666666666665,2.18082086184825,-2.757,-2.7569067612829237,-1.5743333333333334,-1.57434244796937,0.0,-4.8797762809319435e-08,0.00017484616876579633,0.000174,0.015
394,0.4796,0.47960136892427624,-0.8729,-0.8733065610692461,2.1752999999999996,2.1753565336253256,-2.7669333333333337,-2.7668292604479503,-1.5736666666666668,-1.5736735593170936,0.0,-3.125993873251607e-08,0.00017290098459899126,0.00017,0.015
395,0.47953333333333337,0.4795340201188632,-0.8562,-0.8564002450596512,2.171533333333333,2.171572482904323,-2.7739333333333334,-2.773859437073732,-1.5732666666666668,-1.5732708102535897,0.0,-2.665960937933346e-08,8.860875775391179e-05,7.9e-05,0.015
396,0.47956666666666664,0.47956584295342836,-0.8551333333333333,-0.8551657146819839,2.1727333333333334,2.1727036155623507,-2.782033333333333,-2.781823425623998,-1.5734333333333332,-1.5734291746224618,0.0,2.5772730926678726e-09,8.756989349199547e-05,3e-06,0.015
397,0.4796666666666667,0.4796644636528767,-0.8699,-0.8695118309259159,2.1787666666666663,2.1786114525583957,-2.7900000000000005,-2.789791925259868,-1.5740333333333332,-1.574018208756725,0.0,4.060804211821282e-07,0.0001907421985959987,0.000168,0.015
398,0.4798,0.47979660643261346,-0.8922,-0.8913189485842913,2.1874333333333333,2.187207493185495,-2.8006666666666664,-2.8003896164808273,-1.5748,-1.5747800720685161,0.0,1.0795201476046262e-07,0.0003882483795583109,0.00039,0.015
399,0.4799,0.47989745887061147,-0.9147666666666666,-0.913836960745036,2.1953,2.1950928318255487,-2.8088,-2.80858627508762,-1.5753666666666666,-1.575351768006392,0.0,1.3403688819246933e-07,0.00039857632827666436,0.000409,0.015
400,0.47996666666666665,0.47996503633046084,-0.9375666666666667,-0.9366181725646849,2.2023333333333333,2.202147976494734,-2.8145666666666664,-2.814415334735015,-1.5757333333333332,-1.5757237214345028,0.0,1.7380390616470285e-07,0.00039937339450902935,0.000415,0.015
401,0.48,0.479999289979464,-0.9605333333333334,-0.9595722503601408,2.2085666666666666,2.208402348198265,-2.8181,-2.818007630211243,-1.5759666666666667,-1.5759606500300012,0.0,2.2206291695001628e-07,0.00039984371356221543,0.000419,0.015
402,0.48,0.48000012115409624,-0.9836333333333332,-0.9826619842234112,2.214,2.2138567001138756,-2.819533333333333,-2.819495065442855,-1.5760666666666667,-1.5760640964934143,0.0,1.5879354653481942e-07,0.00040114939607654196,0.000422,0.015
403,0.48,0.48000017239036163,-1.0068333333333335,-1.0058538390863552,2.218666666666667,2.2185435315229154,-2.8189666666666664,-2.8189811391500044,-1.5760666666666667,-1.576066778017619,0.0,1.895530265074187e-07,0.00040306756553380735,0.000424,0.015
404,0.48,0.4800002095396187,-1.0301333333333333,-1.0291454603573218,2.2225333333333332,2.2224311944069863,-2.8165,-2.816564636165998,-1.5759999999999998,-1.5760019266852665,0.0,2.2884500723184028e-07,0.000406305923198511,0.000426,0.015
405,0.48,0.48000025372618355,-1.0534999999999999,-1.0525059665654681,2.2256666666666667,2.225583838576819,-2.8122333333333334,-2.812345517965306,-1.575866666666667,-1.5758703946907298,0.0,2.7584386530353045e-07,0.00040978904973897593,0.000428,0.015
406,0.47996666666666665,0.47996782515779135,-1.0769,-1.0759019195922561,2.2280333333333338,2.227970626267567,-2.806266666666667,-2.80642379400997,-1.5757,-1.5757046839269186,0.0,3.303136838459891e-07,0.00041328139501893167,0.00043,0.015
407,0.4799333333333333,0.4799345734206125,-1.1002666666666665,-1.0992686158513336,2.2296666666666667,2.22962324803245,-2.7987,-2.7988994578651916,-1.5755,-1.5755056274847181,0.0,3.9315574773384233e-07,0.0004158940988486435,0.00043,0.015
408,0.4799,0.4799013085185588,-1.1235666666666668,-1.1225706077508826,2.2305333333333333,2.2305100351496305,-2.7896,-2.7898400375514583,-1.5752999999999997,-1.5753057268216761,0.0,4.6424462205366464e-07,0.0004183955304528597,0.00043,0.015
409,0.49899999999999994,0.4988049019908081,-1.1343333333333334,-1.1341813164782937,2.2220333333333335,2.2221201347599324,-2.7790666666666666,-2.779179240046943,-1.5712,-1.571242557387293,0.0,5.09649187224865e-07,0.00011775044371375544,0.000127,0.05
410,0.5369,0.5354856563371007,-1.1315666666666666,-1.1316336981158377,2.2024666666666666,2.2029697954498544,-2.7677,-2.7679952143771223,-1.5637999999999999,-1.5639905617728502,0.0,4.899775369842137e-08,0.0006300086116562203,0.00069,0.05
411,0.593,0.5923807510018759,-1.1144999999999998,-1.1145700358584019,2.1708,2.1709587520387394,-2.755966666666667,-2.756012967780589,-1.5537333333333334,-1.553775036820335,0.0,-3.2589466845519996e-07,0.00026377377716822775,0.000304,0.05
412,0.6478333333333334,0.647266685255676,-1.0948,-1.0948810164203706,2.133433333333333,2.1336469269542095,-2.741733333333333,-2.7417902041973585,-1.5461,-1.5461309739462983,0.0,-4.6409161895619883e-07,0.00025082192722691296,0.000286,0.05
413,0.7007,0.7001849082588911,-1.0732,-1.0732890886028523,2.091933333333333,2.092189813865344,-2.724833333333333,-2.724903135205882,-1.5408666666666668,-1.5408876282061283,0.0,-5.58913722569334e-07,0.00023956576833574896,0.00027,0.05
414,0.7514,0.7509412667824572,-1.0498666666666665,-1.049952394507439,2.046466666666667,2.04678384590162,-2.7052666666666667,-2.7053479346691334,-1.5377333333333334,-1.5377461633215257,0.0,-6.91584647492154e-08,0.00023279361254511426,0.000257,0.05
415,0.7995,0.7984486677615991,-1.0249666666666668,-1.0252621021632313,1.9984000000000002,1.9993632316826067,-2.6854999999999998,-2.6857045497366783,-1.5357666666666667,-1.5357868389205032,0.0,-6.283742211431217e-08,0.0006003671655824408,0.000637,0.05
416,0.8452000000000001,0.8447977720028716,-0.9982333333333333,-0.9983762184157098,1.947,1.9474871653977415,-2.665433333333333,-2.6655173936016068,-1.5346,-1.534604785848751,0.0,-4.454934004448672e-08,0.0002666529168011495,0.000274,0.05
417,0.8885333333333333,0.8881812305082711,-0.9697666666666667,-0.9699293154014361,1.8923333333333332,1.8928919381008487,-2.6449,-2.644985393825855,-1.5340333333333334,-1.5340356056214741,0.0,-3.785604148698662e-08,0.0002798117125409345,0.000276,0.05
418,0.9295,0.9291844762704153,-0.9396333333333334,-0.9398167056417113,1.8343999999999998,1.8350440602820481,-2.6237333333333335,-2.6238220101291887,-1.5339,-1.5339004396758207,0.0,-6.02739133384412e-08,0.0003043731387058556,0.000291,0.05
419,0.9682000000000001,0.9680888057359043,-0.9077999999999999,-0.907881715497314,1.7731333333333332,1.7734382479432202,-2.6018333333333334,-2.60187041595297,-1.5340666666666667,-1.5340663193707345,0.0,-3.7307061891418513e-08,0.00013747105687928485,0.000129,0.05
420,1.0046666666666668,1.0045645625035038,-0.8742,-0.8742707649097523,1.7084000000000001,1.7087849799320831,-2.5791,-2.5791396048038497,-1.5344333333333333,-1.534432570389197,0.0,-7.568902113251908e-08,0.00016593754296654952,0.000166,0.05
421,1.0390666666666668,1.0389751045583961,-0.8388,-0.8388504575533365,1.64,1.6404808954862613,-2.5554666666666668,-2.5555068427321133,-1.5349000000000002,-1.5348991371520104,0.0,-4.397609163813672e-08,0.0002015791472935541,0.000219,0.05
422,1.0714666666666668,1.0714336823988415,-0.8014666666666667,-0.8014320968755458,1.5677333333333332,1.5679662683697793,-2.5308666666666664,-2.530884034536319,-1.5354,-1.5353995877742108,0.0,-3.626882628536763e-08,9.733411334850215e-05,0.000137,0.05
423,1.102,1.1019702821344333,-0.7620333333333332,-0.7619368478924033,1.491233333333333,1.4915070785881062,-2.505233333333333,-2.5052513072410676,-1.5358333333333334,-1.5358329705152376,0.0,-3.2264368615490134e-08,0.00011934002569223197,0.000198,0.05
424,1.130766666666667,1.1307559623910726,-0.7202333333333333,-0.7202095174731283,1.4100666666666666,1.4102179498180754,-2.4785666666666666,-2.478575036662315,-1.5361333333333331,-1.536133163947369,0.0,-3.5154842344964804e-08,6.276736860303695e-05,9.2e-05,0.05
425,1.1578666666666666,1.1578570124931729,-0.6757333333333332,-0.6757293414145958,1.3235666666666666,1.3237713091394703,-2.450833333333333,-2.4508425143316437,-1.5362333333333333,-1.536233185350281,0.0,-4.426310568495409e-08,8.373768043166777e-05,0.000107,0.05
426,1.1834333333333333,1.1834300790467371,-0.6280333333333332,-0.6280141146833825,1.2308666666666666,1.2309741374155685,-2.4221,-2.422102701495891,-1.5360666666666667,-1.5360667125975422,0.0,9.560505534736088e-09,4.460420204012668e-05,6.8e-05,0.05
427,1.2001,1.2000989170999445,-0.5909,-0.5909016448314788,1.1640666666666666,1.1641273863335206,-2.3929,-2.3929007101792283,-1.5371333333333335,-1.537133375168852,0.0,2.8008168399682478e-08,2.4803437178463698e-05,3e-05,0.015
428,1.2084,1.2083864077136386,-0.5653,-0.5653246724982183,1.1254,1.125591421090138,-2.3649,-2.3649731183818976,-1.5393666666666668,-1.539363022954643,0.0,5.038940007591616e-09,8.445421895970389e-05,7.3e-05,0.015
429,1.2087666666666668,1.2087628254747498,-0.5523666666666668,-0.5525349430819289,1.1173666666666666,1.117450888151963,-2.3396333333333335,-2.3400135523106713,-1.5428,-1.5427649019143204,0.0,3.336327027068265e-08,0.0001737926507525762,0.00014,0.015
430,1.2091,1.2090914207743195,-0.5390999999999999,-0.5395580380205037,1.1096666666666666,1.1098659427366901,-2.318,-2.31874034609568,-1.5458666666666667,-1.5457873564556976,0.0,3.546469816651645e-08,0.0003660568798321758,0.000361,0.015
431,1.2093666666666667,1.209359666970946,-0.5254666666666666,-0.5259681659155491,1.1021333333333334,1.1023312881340595,-2.299666666666667,-2.3002189079363737,-1.5485999999999998,-1.5485280790960485,0.0,3.1174938485628036e-08,0.0003164594847329572,0.000375,0.015
432,1.2096,1.2095938707883422,-0.5115333333333333,-0.5120590346953842,1.0947333333333333,1.094927840976232,-2.284266666666667,-2.284674170809054,-1.5510000000000002,-1.550936759138202,0.0,1.713586298125794e-08,0.0002841043662109797,0.000381,0.015
433,1.2098,1.2097947500576376,-0.4973000000000001,-0.4978475962522633,1.0874333333333335,1.0876251927289917,-2.2715,-2.2718362250734794,-1.5531,-1.5530446675476186,0.0,2.0203316681164696e-08,0.000274714465648965,0.000392,0.015
434,1.21,1.20999477746712,-0.4828333333333333,-0.48339800927387344,1.0802,1.0803900849338621,-2.2611000000000003,-2.2613735988047523,-1.5549333333333333,-1.5548850381972419,0.0,2.4733940032410302e-08,0.00026839249911883074,0.000401,0.015
435,1.2101666666666666,1.2101623002474806,-0.4681,-0.4686833213836866,1.0730000000000002,1.073189186174307,-2.2528333333333337,-2.2530506042456575,-1.5565333333333333,-1.5564911948449054,0.0,2.7224902658804362e-08,0.00026616304937689405,0.000411,0.015
436,1.210333333333333,1.2103289544941196,-0.45313333333333333,-0.45373284828481836,1.0657666666666665,1.0659566832893816,-2.2464666666666666,-2.2466352310751696,-1.5579666666666665,-1.5579288937514462,0.0,2.884677381849031e-10,0.00026626566343074774,0.000419,0.015
437,1.2104666666666666,1.210463141229245,-0.43793333333333334,-0.4385486160805119,1.0584999999999998,1.0586908912366915,-2.2418,-2.241923781915524,-1.5592333333333332,-1.5591999396716665,0.0,4.7933721816765635e-12,0.0002681609750319817,0.000427,0.015
438,1.2106000000000001,1.2105964964089313,-0.42250000000000004,-0.42313021098235076,1.0511333333333335,1.0513268069843391,-2.2386666666666666,-2.2387500488170375,-1.5603333333333333,-1.5603043184461476,0.0,-3.0580890909074932e-12,0.00027154025414849545,0.000435,0.015
439,1.2106666666666668,1.210664870300735,-0.40686666666666665,-0.40750934713115494,1.0436333333333334,1.0438302864551128,-2.2369000000000003,-2.2369473612497166,-1.5612666666666666,-1.5612420305416086,0.0,-3.896677353684638e-12,0.00027528226882500047,0.000441,0.015
440,1.2107,1.2106996402681371,-0.3963666666666667,-0.39650457373118125,1.0385666666666666,1.0386205662361823,-2.236166666666667,-2.2361746609791973,-1.5618333333333334,-1.561827278387329,0.0,-2.0667344055714606e-12,6.0586333508404886e-05,8.9e-05,0.015
441,1.2108,1.2107974307896088,-0.3954,-0.39542827708754263,1.0369333333333335,1.03697652653037,-2.2353,-2.2353223913210676,-1.5624666666666667,-1.5624502983248876,0.0,-7.689973430843871e-13,2.3948349504433856e-05,1e-05,0.015
442,1.2109333333333334,1.2109298542315377,-0.4054333333333333,-0.4051024284162356,1.0405,1.0404097989888863,-2.2326,-2.2326696932178196,-1.5634666666666668,-1.5634406476420193,0.0,2.0508359777526857e-12,0.00014328324219781534,0.000222,0.015
443,1.2111333333333334,1.211128124273931,-0.41996666666666665,-0.41933985834603016,1.0451333333333332,1.0450124107068288,-2.2289333333333334,-2.2290289841463764,-1.5647666666666666,-1.564732720588066,0.0,3.96888139678644e-12,0.00026389376050722926,0.000446,0.015
444,1.2112333333333334,1.2112306399870363,-0.43583333333333335,-0.43512024420161144,1.0511333333333333,1.0509766375714533,-2.2236333333333334,-2.223771461994147,-1.5661666666666667,-1.5661299576556673,0.0,4.453280345328714e-12,0.00030372246215694794,0.000495,0.015
445,1.2113666666666667,1.2113631843889752,-0.45036666666666664,-0.449711546390044,1.0552666666666666,1.0551568417911965,-2.2192333333333334,-2.21934950942705,-1.5671666666666668,-1.5671401269242247,0.0,4.494622923922493e-12,0.0002755169229685088,0.00047,0.015
446,1.2114333333333334,1.21143153752559,-0.4658333333333333,-0.46513191191722886,1.0601666666666667,1.060038415025199,-2.2131333333333334,-2.2132924674413323,-1.5682,-1.5681728672574848,0.0,4.703320664001555e-12,0.00029846930648439184,0.000494,0.015
447,1.2115333333333334,1.2115306910017845,-0.4799333333333333,-0.47929546778533355,1.0632666666666666,1.063184023424645,-2.208133333333333,-2.2082668914542087,-1.5689333333333335,-1.5689138054145975,0.0,-3.580260792320786e-08,0.00026830593770194765,0.000465,0.015
448,1.2116,1.2115981899469934,-0.49420000000000003,-0.49355591116431813,1.0664,1.066317670999671,-2.202733333333333,-2.2028764325370833,-1.5696,-1.5695823746104156,0.0,-3.6360367344784983e-08,0.0002715449031716916,0.000468,0.015
449,1.2116666666666667,1.2116648789865774,-0.5076666666666667,-0.5070605924671662,1.0684666666666667,1.0684116523775917,-2.198366666666667,-2.1984834968818245,-1.5701,-1.5700866916298013,0.0,-3.556971452549496e-08,0.0002530421955126253,0.000452,0.015
450,1.2117333333333333,1.2117315456935491,-0.5214,-0.5207809774524539,1.0706666666666667,1.0706089383008663,-2.1935000000000002,-2.193628961824772,-1.5705666666666664,-1.570554321113912,0.0,-3.634677258770493e-08,0.0002592644211632974,0.00046,0.015
451,1.2117666666666667,1.2117657319566735,-0.5350666666666667,-0.5344475579458547,1.0725333333333333,1.0724840688205022,-2.1883,-2.1884378049502744,-1.5709666666666664,-1.570956051625146,0.0,-3.698514381480853e-08,0.0002597519197513921,0.000462,0.015
452,1.2118,1.2117990871770976,-0.5484999999999999,-0.5478904448261359,1.0739333333333334,1.0738962321618049,-2.1828333333333334,-2.18297817332796,-1.5713,-1.5712911359529618,0.0,-3.706783973613957e-08,0.00025625249166465864,0.000459,0.015
453,1.2118,1.2117999446392698,-0.5617,-0.5611001689988399,1.0748333333333333,1.0748093435433421,-2.1771,-2.1772516947569964,-1.5715666666666668,-1.5715595601899246,0.0,-3.337514316129979e-08,0.0002527958812517968,0.000456,0.015
454,1.2217333333333333,1.221584393754682,-0.5800333333333333,-0.5797287498270237,1.0906333333333331,1.0904712956778837,-2.1653,-2.1654241665496134,-1.5716,-1.571599506837838,0.0,-4.9340078787534516e-08,0.00016156932973935732,0.000207,0.05
455,1.2419333333333336,1.240730121873957,-0.6030333333333334,-0.6021368939986084,1.1209,1.1200192295900513,-2.1491333333333333,-2.149551304457209,-1.5713666666666668,-1.5713725863445565,0.0,-2.720643004933234e-08,0.0007305035609745373,0.00106,0.05
456,1.2727666666666668,1.2740494577880652,-0.6299666666666667,-0.6294921677771042,1.1646666666666667,1.1639425640270966,-2.130333333333333,-2.130528516385025,-1.5708,-1.5708059328603594,0.0,4.4789488207035646e-08,0.0006368095626471193,0.001,0.05
457,1.3046666666666666,1.3041308926478636,-0.6547,-0.6542922484359345,1.2056,1.2049602363057603,-2.116233333333333,-2.116378244039508,-1.5700666666666667,-1.5700743009300457,0.0,4.28367178110137e-08,0.0003837686191499846,0.000478,0.05
458,1.3377,1.3366945348950523,-0.6770333333333333,-0.6761712450507706,1.2431666666666665,1.2417881217902351,-2.1065,-2.1067506198321295,-1.5691333333333333,-1.5691575194701364,0.0,6.608047542158786e-08,0.0007871824793073742,0.000919,0.05
459,1.3718333333333332,1.3709004425830342,-0.6970666666666666,-0.6963220342350045,1.2774,1.2761875064612418,-2.100566666666667,-2.100723025568364,-1.5680666666666667,-1.5680946763699366,0.0,5.79329972911066e-08,0.0006976312116465485,0.000836,0.05
460,1.407,1.4059985328035038,-0.7148666666666667,-0.7142718231296638,1.3083,1.3073114670801862,-2.0979333333333336,-2.0980028835571845,-1.5668666666666666,-1.566898184363967,0.0,5.5516607843233175e-08,0.0006244735535754103,0.000842,0.05
461,1.4431666666666665,1.442121206995571,-0.7304666666666667,-0.7300217260923246,1.3358666666666668,1.3351058005597987,-2.0981,-2.098096084960741,-1.5655333333333334,-1.5655683355154497,0.0,4.2665898059176984e-08,0.000558437664869509,0.000835,0.05
462,1.4802666666666668,1.479182932903283,-0.7439,-0.7435442406097307,1.3600666666666665,1.3594276684943307,-2.1006666666666667,-2.100598450205278,-1.5641,-1.5641376942885594,0.0,6.993377898344724e-08,0.0005347018838873963,0.000841,0.05
463,1.5182666666666667,1.5171577284285496,-0.7551666666666668,-0.7548686645956822,1.3808333333333334,1.380285348313455,-2.105233333333333,-2.1051122727354326,-1.5625666666666664,-1.5626069909277198,0.0,7.011362329442939e-08,0.0005220342504073006,0.000842,0.05
464,1.5570333333333333,1.5558869216330293,-0.7642666666666668,-0.764025698705167,1.3981000000000001,1.3976439449168245,-2.1114,-2.111237059628896,-1.561,-1.5610412266624951,0.0,5.709728443815725e-08,0.0005177774279632671,0.000855,0.05
465,1.596466666666667,1.5975972354532486,-0.7711666666666668,-0.7710932251953999,1.4118000000000002,1.4116550419959484,-2.1188,-2.1187208835623212,-1.5594000000000001,-1.5594168809848596,0.0,4.644016697516204e-08,0.0004674641937002178,0.000801,0.05
466,1.6364666666666665,1.6203101642631437,-0.7758666666666666,-0.7757444276098708,1.4218666666666666,1.415584038758609,-2.1271333333333335,-2.126919158361521,-1.5577666666666667,-1.557808887408214,0.0,-1.961698337171166e-08,0.007077741862617664,0.012244,0.05
467,1.6769,1.63597470258427,-0.7783666666666665,-0.778355634390384,1.4282333333333332,1.4113736871816789,-2.1361333333333334,-2.1361039269915723,-1.5561,-1.5561070402619352,0.0,3.446137857612202e-08,0.01806990441284206,0.031269,0.05
468,1.717666666666667,1.6625273973391281,-0.7786666666666666,-0.7786841123655532,1.4308333333333334,1.430701618425714,-2.145566666666667,-2.145535732059701,-1.5544333333333331,-1.5544294502251688,0.0,-4.323487542044626e-06,0.022510581459486773,0.039202,0.05
469,1.7449999999999999,1.6624113215471499,-0.7737666666666666,-0.7737715083803851,1.4316333333333333,1.4315225631255144,-2.1534,-2.1532579750957086,-1.5537999999999998,-1.5537990704008937,0.0,-4.479077725582811e-06,0.03371676708026516,0.058727,0.015
470,1.7587666666666666,1.6622222047696231,-0.7639999999999999,-0.7640137002216874,1.4315333333333333,1.4314487173734904,-2.1598333333333333,-2.1597235753726696,-1.5541333333333334,-1.5541287783048285,0.0,-6.461532202893881e-06,0.03941415266089079,0.068666,0.015
471,1.7589,1.661973527661062,-0.7499666666666668,-0.7499855072134854,1.4315999999999998,1.4314881817537517,-2.165,-2.1648530778137265,-1.5553666666666668,-1.555363505187556,0.0,-6.09359699060153e-06,0.03957013927111572,0.068922,0.015
472,1.7590000000000001,1.6617126602193428,-0.7353000000000001,-0.7353218271722378,1.4309999999999998,1.4308940801995964,-2.1709,-2.1707590826445764,-1.5564666666666664,-1.5564633391321303,0.0,-5.864261330410396e-06,0.03971745644799386,0.069174,0.015
473,1.7591,1.6614478806103015,-0.7203333333333334,-0.7203463127939943,1.43,1.4299193069538587,-2.1773666666666665,-2.1772597945556385,-1.5574666666666666,-1.557465150036547,0.0,-3.4640399320252846e-06,0.03986634866877475,0.069431,0.015
474,1.7591999999999999,1.6611984848729702,-0.7051333333333334,-0.7051442013371381,1.4287,1.4286371233895372,-2.1843666666666666,-2.184282572301469,-1.5583666666666665,-1.5583655486016141,0.0,-2.552795960800707e-06,0.04000897423996308,0.069679,0.015
475,1.7593000000000003,1.661012776936042,-0.6897333333333333,-0.6897456136840804,1.4271,1.4270418132809177,-2.1918333333333333,-2.191754549661885,-1.5592,-1.5591988318816306,0.0,-2.396278832466237e-06,0.04012561104020537,0.069881,0.015
476,1.7595,1.6608299372069477,-0.6734666666666667,-0.6734817172256456,1.424966666666667,1.424913618838932,-2.2024000000000004,-2.202326884097954,-1.5603,-1.5602986234154494,0.0,-2.3448805292179206e-06,0.040281901820182285,0.070177,0.015
477,1.7596333333333334,1.6606540259105949,-0.6575333333333333,-0.6575491127091744,1.4231,1.4230234483898339,-2.2130666666666667,-2.212961148782587,-1.5613666666666666,-1.5613666557000268,0.0,-7.243779042985447e-07,0.04040816860811562,0.070404,0.015
478,1.7598333333333331,1.6604884902331822,-0.6408,-0.6408193338571005,1.4208,1.4207316226944149,-2.2267,-2.2266037098396247,-1.5626333333333335,-1.5626335835054423,0.0,-3.70007398246309e-07,0.040557391787938456,0.070689,0.015
479,1.7599,1.6603513221944055,-0.6251,-0.6251200634210272,1.4189999999999998,1.4189374979715628,-2.2376,-2.237510454581794,-1.5635000000000001,-1.5635004087705555,0.0,-1.555197086670635e-07,0.04064060280979209,0.070813,0.015
480,1.7600666666666667,1.6602359467103314,-0.6080666666666666,-0.6080921951613555,1.4160666666666666,1.4160152562205675,-2.251633333333334,-2.2515562005714114,-1.5644666666666665,-1.5644674122420266,0.0,2.3100172093608733e-07,0.04075573966083481,0.071032,0.015
481,1.7601000000000002,1.6601424673398681,-0.5920333333333333,-0.5920598872742462,1.4135,1.4134780017881108,-2.2628333333333335,-2.2628094791496975,-1.5651,-1.565102074887997,0.0,6.593744037571879e-07,0.040807495427303726,0.0711,0.015
482,1.7601333333333333,1.6600868288758581,-0.5808999999999999,-0.5809144416571994,1.4114000000000002,1.4113518892388606,-2.271333333333333,-2.271277853755003,-1.5655666666666666,-1.5655701003547629,0.0,2.4915091032089313e-07,0.04084382586389753,0.07116,0.015
483,1.7602,1.6601025577521866,-0.5807666666666667,-0.5807873057033087,1.4132333333333333,1.413180971864777,-2.2784666666666666,-2.2784036083938926,-1.5663333333333334,-1.5663349279337575,0.0,-4.469773728100573e-07,0.04086462425157783,0.071191,0.015
484,1.7603666666666669,1.6601884240238032,-0.5912,-0.591172436120023,1.4186333333333332,1.418690716192033,-2.286333333333333,-2.2864203204085656,-1.5675000000000001,-1.5674990155595083,0.0,-5.533880113633681e-07,0.04089761997883463,0.071259,0.015
485,1.7606,1.660315274013141,-0.6071666666666666,-0.6071457854458658,1.4266333333333334,1.426703059170262,-2.2970666666666664,-2.29716819788838,-1.5691,-1.5690992427817487,0.0,-4.506712125053156e-07,0.04094109971113493,0.07135,0.015
486,1.7607666666666664,1.66045876142445,-0.6236999999999999,-0.6236804323335187,1.4344000000000001,1.4344754906731445,-2.3057,-2.3058085310107366,-1.5704,-1.5703993837183614,0.0,-4.336393233246422e-07,0.040950567182406875,0.071366,0.015
487,1.7609333333333332,1.6605841219171924,-0.6393666666666666,-0.6393369630317942,1.4402333333333335,1.4402899134200873,-2.3118666666666665,-2.3121035083209445,-1.5713333333333335,-1.5713298009960412,0.0,-2.8074427302269233e-06,0.04096751646077213,0.071424,0.015
488,1.7610333333333335,1.6606063157110758,-0.6553333333333333,-0.6396673841562633,1.4458000000000002,1.4404856310661556,-2.3162333333333334,-2.316255442580168,-1.5720666666666665,-1.5720666709313045,0.0,8.903059421461678e-10,0.04155167633622745,0.072109,0.015
489,1.7611333333333334,1.6606171940514458,-0.6706333333333333,-0.6398196196462639,1.45,1.4405898137680389,-2.3188,-2.318863242813735,-1.5726000000000002,-1.5725999978398315,0.0,-1.953908461209836e-09,0.043092023260108143,0.073899,0.015
490,1.7611666666666668,1.6606248648348647,-0.6869666666666667,-0.6398861904425266,1.4551333333333332,1.440644530685406,-2.320466666666667,-2.3205449338866635,-1.5731,-1.573099998388609,0.0,-1.4456272725656625e-09,0.04570768842147071,0.07688,0.015
491,1.7612333333333334,1.6606290512611566,-0.7021333333333334,-0.6398866047682145,1.4585333333333332,1.4406465804385877,-2.3211,-2.321198136046834,-1.5734666666666666,-1.5734666654023721,0.0,-1.1465937748333951e-09,0.04884639588908462,0.080792,0.015
492,1.7612666666666668,1.6606306022372466,-0.7175333333333332,-0.6398818111994802,1.4618000000000002,1.44062842409693,-2.321,-2.321136749962681,-1.5738,-1.5737999991342455,0.0,-7.290608054509847e-10,0.05260803278384782,0.08565,0.015
493,1.7613333333333336,1.6606310558919497,-0.7321999999999999,-0.6398735088508911,1.4639,1.440592452475211,-2.3203,-2.320461130289461,-1.5740666666666667,-1.5740666659847684,0.0,-4.919993858787116e-10,0.05658091165811193,0.091203,0.015
494,1.7613666666666667,1.660630144151443,-0.7471666666666668,-0.6398620745274574,1.4659666666666666,1.4405380168236759,-2.3188999999999997,-2.319069755118555,-1.5743,-1.5742999994450078,0.0,-3.3116702863750316e-10,0.06097645380562888,0.097497,0.015
495,1.7614,1.6606272548431493,-0.762,-0.6398503947929348,1.4676,1.44047344122074,-2.3169,-2.3170520425741157,-1.5744666666666667,-1.5744666662185478,0.0,-2.2598465706123106e-10,0.06558905590472451,0.104357,0.015
496,1.7537666666666667,1.6606104158805073,-0.7607333333333334,-0.6398249694458421,1.4486,1.4403511264998377,-2.3158,-2.3158766124100274,-1.5740666666666667,-1.5740666652929627,0.0,-1.8771902317988087e-09,0.06240321746775413,0.105568,0.05
497,1.738966666666667,1.6618951710887653,-0.7420333333333332,-0.7415952264488497,1.4068333333333334,1.4068356657398131,-2.3146333333333335,-2.314633679911682,-1.5729999999999997,-1.5730000435080602,0.0,-1.3635249270741392e-09,0.03146481467136185,0.056324,0.05
498,1.7173666666666667,1.661465818097764,-0.7052666666666666,-0.7053842891382184,1.3407333333333333,1.3411445358094993,-2.312366666666667,-2.31236996715528,-1.5712333333333335,-1.5712360836135355,0.0,-9.259380426081404e-08,0.022822093870163974,0.041905,0.05
499,1.6969666666666667,1.66106197879075,-0.6654999999999999,-0.6655593933882555,1.2686333333333335,1.2688616022635688,-2.3066333333333335,-2.3066348318866803,-1.5692333333333333,-1.5692342863844913,0.0,-2.326872673974742e-07,0.014658343749972802,0.02763,0.05
500,1.6776333333333333,1.6606266776087855,-0.6230333333333333,-0.6230577236230498,1.1905666666666666,1.1908642592001946,-2.297633333333333,-2.297639502811957,-1.5670333333333335,-1.56703459344519,0.0,-1.1462062937860965e-07,0.006944008626135032,0.013424,0.05
501,1.6651,1.6601569788959814,-0.5893666666666667,-0.5893812310020317,1.1341999999999999,1.1343578169832342,-2.284166666666667,-2.2842743856444407,-1.5654666666666668,-1.5654652960114326,0.0,-6.509549490346369e-08,0.002019495861840342,0.003967,0.015
502,1.659,1.6590047633071825,-0.5653666666666667,-0.5655021481446323,1.1016666666666666,1.1019702267814373,-2.2683,-2.268364562909583,-1.564633333333333,-1.5646367778357486,0.0,1.8668919943192287e-08,0.00013826719150851865,7.4e-05,0.015
503,1.6590333333333334,1.659032635318847,-0.552,-0.5524774077972597,1.0952666666666666,1.0954382778056047,-2.2519,-2.252320275535461,-1.5646333333333333,-1.5646334794070957,0.0,3.108333154196943e-08,0.0002689487631275704,0.000352,0.015
504,1.6590666666666667,1.6590658256288067,-0.5384333333333333,-0.5389501063689357,1.0891333333333333,1.0892947399118234,-2.2382333333333335,-2.238592830629555,-1.564733333333333,-1.564730828820086,0.0,2.8491679870948037e-08,0.0002653148257696956,0.000382,0.015
505,1.6590999999999998,1.658874297946288,-0.5246333333333334,-0.5252295360721315,1.0831,1.0832585256827527,-2.227066666666667,-2.2273606108321933,-1.5649,-1.5648893099832146,0.0,-3.7955403834099512e-06,0.00029384274987509474,0.000477,0.015
506,1.6590999999999998,1.6586529197177984,-0.5106,-0.5112374506216424,1.0771333333333333,1.077289334552307,-2.2181666666666664,-2.218403100629068,-1.5651,-1.5650945919481178,0.0,-1.0323805500418765e-07,0.00033825304392495276,0.000594,0.015
507,1.6590999999999998,1.6584267365118877,-0.49633333333333335,-0.4969881963064612,1.0712,1.0713552742897379,-2.2113,-2.211482677464919,-1.5653,-1.5652947275085551,0.0,-9.22144114601965e-09,0.0003957352226115888,0.000728,0.015
508,1.6591333333333333,1.6581994566362517,-0.4818,-0.48247286694366437,1.0653,1.0654542147196915,-2.2062333333333335,-2.2063688346290067,-1.5655000000000001,-1.5654947235639107,0.0,-1.08993529674982e-08,0.0004773269723197533,0.000904,0.015
509,1.6591666666666667,1.6579682013393822,-0.4670666666666667,-0.46775195999559366,1.0593333333333332,1.059489505109271,-2.2028000000000003,-2.2028921785075744,-1.5656999999999999,-1.565694727918465,0.0,-9.017804950461774e-09,0.0005684570319672582,0.001093,0.015
510,1.6592,1.657807963854121,-0.45213333333333333,-0.45283003223934115,1.0532666666666666,1.0534259866285376,-2.2008333333333336,-2.200885977247528,-1.5659,-1.5658947435951875,0.0,-1.2661963238156607e-09,0.0006391838362072454,0.001237,0.015
511,1.6592,1.6576516221371171,-0.437,-0.4377049845048792,1.0470333333333333,1.047196984588937,-2.2001666666666666,-2.2001850815996837,-1.5660999999999998,-1.5660947454549912,0.0,-1.78153757949296e-11,0.0006978091443758668,0.001355,0.015
512,1.6592,1.6574956314838167,-0.4216666666666667,-0.4223820878690588,1.0406333333333333,1.0408013622683918,-2.2006666666666668,-2.2006543385404616,-1.5663,-1.5662947455010725,0.0,1.2602107913375468e-11,0.0007577502723259756,0.001476,0.015
513,1.6592333333333336,1.6573558793046639,-0.40610000000000007,-0.40682698414767127,1.0340333333333334,1.034206594444934,-2.2022,-2.202160431411741,-1.5665000000000002,-1.5664947454999356,0.0,1.1457026834806989e-11,0.0008251214331311079,0.00161,0.015
514,1.6592666666666667,1.6572811210608065,-0.39566666666666667,-0.39583754538842225,1.0295666666666667,1.0296135139765505,-2.2035666666666667,-2.2035526156375638,-1.566633333333333,-1.5666319383376686,0.0,1.690251479142284e-08,0.0008138370986321793,0.001614,0.015
515,1.6593333333333333,1.6572821472126522,-0.3955666666666667,-0.39562061485287553,1.0294333333333334,1.0294563604622124,-2.2037,-2.203677658730112,-1.5671666666666668,-1.5671561132277079,0.0,1.9514332599295735e-06,0.0008377966611535589,0.001661,0.015
516,1.6594333333333333,1.657336741519156,-0.40503333333333336,-0.40467221600622594,1.0325333333333333,1.032454642382963,-2.2026000000000003,-2.2026275314826314,-1.5678666666666665,-1.5678484733878293,0.0,4.780908789977888e-08,0.0008692318644545827,0.001714,0.015
517,1.6595666666666666,1.6574682983689808,-0.42016666666666663,-0.4194557205746447,1.0382333333333333,1.0380854005800928,-2.2000666666666664,-2.2001322233747453,-1.568933333333333,-1.568905560857111,0.0,1.1820192683387557e-09,0.0009069681132199561,0.001767,0.015
518,1.6597,1.6576084798181752,-0.4345666666666667,-0.4338651207594712,1.0428,1.0426793075753538,-2.1975333333333333,-2.19759986376986,-1.5697333333333334,-1.5697121423155556,0.0,2.233228981069259e-12,0.000902410231035848,0.001763,0.015
519,1.6597666666666664,1.657768490665079,-0.4502333333333333,-0.4494262518053514,1.0486333333333333,1.0484809108940603,-2.1935333333333333,-2.1936374359518878,-1.5705666666666669,-1.5705447908252226,0.0,-1.146460761945341e-11,0.0008830474160308396,0.001712,0.015
520,1.6598333333333333,1.6579137280117482,-0.46456666666666663,-0.4638556442858947,1.0526,1.052494552246873,-2.1900666666666666,-2.190158077498209,-1.5711666666666666,-1.571150746620139,0.0,-1.5695319519332475e-11,0.000837671975702163,0.001635,0.015
521,1.6599000000000002,1.6581491157523192,-0.4791,-0.4783842767374856,1.0566000000000002,1.056495378463337,-2.1861666666666664,-2.186268481292607,-1.5716999999999999,-1.5716859513290953,0.0,7.733501784515763e-09,0.00077452831737397,0.001507,0.015
522,1.6599666666666666,1.6583681082464397,-0.49276666666666663,-0.4920895358517332,1.0594,1.0593261959405116,-2.1828333333333334,-2.182920453292978,-1.5721,-1.5720894151335931,0.0,9.841308474838341e-09,0.000710286811725843,0.001387,0.015
523,1.66,1.658594418297734,-0.5067333333333334,-0.5060416250404209,1.0623666666666667,1.0622894334799957,-2.179,-2.1790994713843004,-1.5724666666666665,-1.572457022376329,0.0,9.163096272420615e-09,0.0006416220094503908,0.001246,0.015
524,1.66,1.658819608972302,-0.5206666666666667,-0.5199719070281525,1.065,1.064931420322326,-2.1748,-2.1749089426948216,-1.5728,-1.572791235841073,0.0,1.1143971734217952e-08,0.0005616437819960526,0.001085,0.015
525,1.6600333333333335,1.6591058284561424,-0.5343666666666668,-0.533680238099731,1.0671333333333333,1.067077634404961,-2.1702999999999997,-2.1704170506534584,-1.5730666666666666,-1.5730596259216683,0.0,7.548875185366818e-09,0.0004740432949571121,0.00091,0.015
526,1.6600666666666666,1.6594506967209721,-0.5478333333333333,-0.547157279581187,1.0687333333333333,1.0686915448551575,-2.1655,-2.1656250385852864,-1.5733,-1.5732938573205697,0.0,7.827443405207324e-09,0.00037724578793328086,0.000714,0.015
527,1.6601,1.6598901783804054,-0.5609999999999999,-0.5603411107409226,1.0698,1.069792129969856,-2.160433333333333,-2.1605647413682307,-1.5734666666666666,-1.5734630814457462,0.0,4.0414451648447345e-07,0.0002873740866097234,0.00054,0.015
528,1.6629666666666667,1.6606605405925303,-0.5891333333333333,-0.5885258994268613,1.1019666666666668,1.101570198332633,-2.1444666666666667,-2.1446313789325524,-1.5748,-1.5747863129248416,0.0,5.902168193078438e-09,0.0009892503918817776,0.001887,0.05
529,1.6689333333333334,1.6687500301775486,-0.6305999999999999,-0.6304494444351307,1.1636666666666666,1.162991182930831,-2.1221,-2.12182303231188,-1.5769333333333335,-1.576852210736158,0.0,-4.760652689220116e-05,0.00031572764102679016,0.000272,0.05
530,1.6782000000000001,1.678190024450155,-0.6845666666666667,-0.6893283823472037,1.2541,1.253737547359638,-2.097,-2.0967156287617987,-1.5796666666666666,-1.5796545548073697,0.0,-4.626941999947018e-06,0.0019530507228955407,0.003708,0.05
531,1.6880999999999997,1.6880814571926481,-0.7352333333333334,-0.7507486896586073,1.3410333333333335,1.3407891441843738,-2.082933333333333,-2.082927953801976,-1.5816,-1.5815804724962155,0.0,-1.3908346302967334e-05,0.0063349145979674885,0.011348,0.05
532,1.6986666666666668,1.698653791659718,-0.7837,-0.8162357937996436,1.4254999999999998,1.424940543966372,-2.078066666666667,-2.078066158193744,-1.5829666666666669,-1.5829559343941366,0.0,-8.034339515428348e-06,0.013284647875041872,0.022961,0.05
533,1.7100333333333335,1.7100273648276887,-0.8304,-0.8642174122705522,1.5078333333333334,1.4812617743273329,-2.080966666666667,-2.080965828829004,-1.5838666666666665,-1.5838671076761002,0.0,5.412215359382554e-07,0.01755783375732087,0.034638,0.05
534,1.7223,1.7222646885769928,-0.8756,-0.8906188913277925,1.5881999999999998,1.510286276867236,-2.0903333333333336,-2.0903327162604577,-1.5844333333333331,-1.5843910914358068,0.0,-3.4168070385676185e-05,0.03239372250976343,0.048183,0.05
535,1.7356,1.7356079183088793,-0.9195000000000001,-0.9806239081909632,1.6666999999999998,1.666597803632277,-2.105033333333333,-2.104901134027186,-1.5846999999999998,-1.5847083777689719,0.0,1.0387870117568587e-05,0.02495382507113851,0.037993,0.05
536,1.75,1.7499839338370395,-0.9622666666666667,-0.9721006085343464,1.7433333333333332,1.7430570795151517,-2.1240666666666663,-2.1240537818989975,-1.5847333333333333,-1.5847335381017627,0.0,2.293477085126007e-07,0.004016282548624715,0.005962,0.05
537,1.7657,1.7656845485803911,-1.0039666666666667,-1.003948622312319,1.8181,1.8178435604942351,-2.1465666666666667,-2.146550664820695,-1.5845333333333336,-1.5845335121210253,0.0,6.267559984689035e-08,0.00010534203037130067,0.000125,0.05
538,1.7828666666666668,1.7828496234489237,-1.0447333333333333,-1.0446675481561085,1.8909333333333336,1.8906968940594613,-2.1718,-2.171781515757108,-1.5841333333333332,-1.5841336685696448,0.0,1.0080573708646561e-07,0.00010071699692974099,0.000101,0.05
539,1.8017,1.8016811872414995,-1.0845666666666667,-1.0845082991462123,1.9618,1.9615839041951688,-2.1990666666666665,-2.1990469209804897,-1.5835333333333332,-1.5835337968674827,0.0,1.0100569827046973e-07,9.205813505667708e-05,9.4e-05,0.05
540,1.8224333333333333,1.822381147116065,-1.1235,-1.1233831498099973,2.0305999999999997,2.030113187947396,-2.2278,-2.2277482972619413,-1.5827,-1.5827014527414915,0.0,1.2892413097090428e-07,0.00020657470115303245,0.000219,0.05
541,1.8453,1.84524206145068,-1.161533333333333,-1.1614423199340436,2.0972666666666666,2.0968275376114534,-2.2575,-2.257445027129831,-1.5816333333333334,-1.5816351430470348,0.0,9.128225485650886e-08,0.00018596592041319752,0.000203,0.05
542,1.8706333333333334,1.870568928076306,-1.1987,-1.1986320736307288,2.1617333333333337,2.1613517449628534,-2.2877666666666667,-2.287709633881336,-1.5802666666666667,-1.5802689685646656,0.0,9.291098734127039e-08,0.00016208524466588544,0.000182,0.05
543,1.8882999999999999,1.8882881331399788,-1.2152666666666667,-1.2152518089464988,2.2056,2.205466900232606,-2.3174333333333332,-2.3173946105615078,-1.5789333333333335,-1.5789342521606118,0.0,7.951502244638939e-08,5.7121837505018364e-05,6.2e-05,0.015
544,1.8975,1.897405790113596,-1.2112333333333334,-1.2112743016490224,2.2293333333333334,2.2289890193126216,-2.3462666666666667,-2.3457496934232918,-1.5777666666666665,-1.5777786610510462,0.0,7.294356551918926e-08,0.00025707043632320356,0.000139,0.015
545,1.8973333333333333,1.8973337333590095,-1.1867666666666665,-1.1871658543015393,2.2335,2.233453807557761,-2.3741666666666665,-2.373679326826361,-1.5769333333333335,-1.5769417421913179,0.0,-3.679904401978243e-07,0.000257893916767558,0.000148,0.015
546,1.8972,1.8972010843627278,-1.1617333333333333,-1.1621534087044498,2.236966666666667,2.236930694989392,-2.4019666666666666,-2.4014876422335956,-1.576266666666667,-1.5762733689667512,0.0,-3.175751779828964e-07,0.000260534029762792,0.000155,0.015
547,1.8971,1.8971007906925197,-1.1362333333333334,-1.136663658504693,2.2397666666666667,2.2397376263166913,-2.4296666666666664,-2.4291947362088058,-1.5757333333333332,-1.575738681376746,0.0,-2.750239262177448e-07,0.00026101428903735146,0.000157,0.015
548,1.8970333333333336,1.8970338175926078,-1.1103000000000003,-1.1107395886823537,2.2419000000000002,2.241877857293483,-2.457266666666667,-2.456801741631789,-1.5753333333333333,-1.5753373287278225,0.0,-2.3516399597559781e-07,0.00026137458756470743,0.00016,0.015
549,1.8969666666666667,1.8969670424894802,-1.084,-1.084451747852373,2.2433666666666667,2.2433514212586854,-2.4847333333333332,-2.4842765044040407,-1.575033333333333,-1.57503621119336,0.0,-3.544537452472528e-07,0.0002623641757129461,0.000164,0.015
550,1.8969333333333331,1.8969334155851247,-1.0573666666666668,-1.0578359396262722,2.2441666666666666,2.244158318553689,-2.5120666666666667,-2.5116190411117936,-1.5748,-1.574802217215774,0.0,-3.053238354361633e-07,0.0002647830731675637,0.00017,0.015
551,1.8968999999999998,1.8969003415018297,-1.0304,-1.0308877512113257,2.2443000000000004,2.2442985491819902,-2.5392333333333332,-2.5387930379530945,-1.5746333333333336,-1.5746350616795393,0.0,-4.593730451681886e-09,0.0002682556227144051,0.000177,0.015
552,1.8968999999999998,1.8969000034969785,-1.0031333333333334,-1.0036374935157362,2.2437666666666667,2.2437721131436237,-2.5662333333333334,-2.565797528438266,-1.5744999999999998,-1.5745013830315984,0.0,-4.703979982852188e-11,0.00027207075457957197,0.000183,0.015
553,1.8968999999999998,1.896900000035809,-0.9756,-0.9761189756856494,2.2426,2.2426120024385905,-2.593,-2.592570283394686,-1.5744333333333334,-1.5744340301622435,0.0,-4.816875585070532e-13,0.0002751171469514724,0.000189,0.015
554,1.8968999999999998,1.8969000000003664,-0.9478333333333334,-0.9483649866444162,2.240766666666667,2.2407855629049718,-2.6195333333333335,-2.6191097459215706,-1.5744,-1.5744003484688613,0.0,-4.932471998276231e-15,0.00027762046269496634,0.000194,0.015
555,1.8968999999999998,1.8969000000000036,-0.9198666666666666,-0.9204089821915654,2.2382666666666666,2.2382924601641467,-2.6458333333333335,-2.645415876162259,-1.5744333333333334,-1.5744329955683212,0.0,-5.051199997953514e-17,0.0002795955521895881,0.000199,0.015
556,1.8968999999999998,1.8968999999999998,-0.9011666666666667,-0.9014147105524359,2.236366666666667,2.2363863867920815,-2.6633,-2.6631088330964205,-1.5744666666666667,-1.5744663218746195,0.0,-5.158237989869101e-19,0.00012810123374346608,8.9e-05,0.015
557,1.897,1.89699744,-0.8993000000000001,-0.8993541365901424,2.2394,2.239322851501877,-2.680733333333334,-2.680272031984838,-1.5750333333333335,-1.5750188178399904,0.0,4.5932438061320504e-21,0.0001923100137911182,2e-06,0.015
558,1.897166666666667,1.8971623344640003,-0.9144333333333333,-0.9140473058967077,2.2472666666666665,2.2470633049984476,-2.696966666666667,-2.696539284018812,-1.5759333333333334,-1.5759099217367039,0.0,4.5932438061320504e-21,0.0002495315439153573,0.000163,0.015
559,1.8974,1.8973939157622783,-0.9373,-0.9364143076595379,2.2585333333333333,2.25823970060796,-2.7195666666666667,-2.7187595808438707,-1.5771,-1.5770695339964595,0.0,4.5932438061320504e-21,0.0005038226903785856,0.000395,0.015
560,1.8975666666666668,1.8975622442435145,-0.9604333333333335,-0.9594978201461231,2.2687333333333335,2.268464696335564,-2.7386999999999997,-2.738090479840674,-1.5778999999999999,-1.5778787400703091,0.0,-9.862785160341345e-21,0.000468923790374749,0.000403,0.015
561,1.8976666666666666,1.8976639934526338,-0.9838000000000001,-0.9828454169610135,2.2778666666666667,2.2776259762261906,-2.7546,-2.7541773562839214,-1.5784333333333336,-1.5784191357458002,0.0,-2.6347706771046488e-21,0.0004374161052444513,0.000399,0.015
562,1.8976999999999997,1.8976990782323873,-1.0073999999999999,-1.0064293093235095,2.285966666666667,2.2857531449913906,-2.7674333333333334,-2.7670939803208685,-1.5787333333333333,-1.5787252898750925,0.0,-2.6347706771046488e-21,0.000428769151017019,0.000403,0.015
563,1.8976999999999997,1.897700024356378,-1.0312333333333334,-1.0302464483474405,2.293066666666667,2.2928794494561484,-2.7774,-2.777136165896214,-1.5788666666666666,-1.578863083862842,0.0,4.233048662790157e-08,0.00042399165331487515,0.000408,0.015
564,1.8976999999999997,1.8977000649428748,-1.0552333333333332,-1.0542344112181796,2.2992333333333335,2.2990706844010025,-2.7846333333333333,-2.784441405846943,-1.5788666666666666,-1.578866625212665,0.0,5.8515379805368856e-08,0.0004205425536779036,0.00041,0.015
565,1.8976666666666666,1.8976670547684762,-1.0794,-1.0789957298255635,2.304466666666667,2.3044114181451425,-2.7892999999999994,-2.7892502479958723,-1.5787666666666667,-1.578767727281102,0.0,4.230740952573661e-08,0.00016781106057115185,0.000165,0.015
566,1.8976333333333333,1.897634298648178,-1.1037,-1.1027180797651188,2.3088333333333337,2.30872014414043,-2.791533333333333,-2.791474886348694,-1.5785666666666665,-1.5785718977048693,0.0,9.44432274830317e-08,0.00040423250231879905,0.000399,0.015
567,1.8975666666666668,1.8975674106046354,-1.1281333333333332,-1.1277222151919317,2.3123,2.312263347470916,-2.7915000000000005,-2.791499742836211,-1.5783000000000003,-1.578302827486317,0.0,4.835734020931934e-08,0.00016850823455243617,0.000167,0.015
568,1.8975333333333333,1.8975342958335188,-1.1526333333333334,-1.1516363127695106,2.3149,2.31483250949685,-2.7893333333333334,-2.789388793416607,-1.578,-1.5780078296964186,0.0,8.495579749672343e-08,0.00040860393033428444,0.000404,0.015
569,1.8974666666666666,1.8974674418509125,-1.1771666666666667,-1.1767516350219225,2.3166333333333333,2.316614899068629,-2.785133333333333,-2.7851769092445857,-1.5777,-1.5777032244247993,0.0,7.8062139097539e-08,0.00017053882852857057,0.000168,0.015
570,1.9053666666666667,1.905285781204376,-1.2078666666666666,-1.2073154544945859,2.337566666666667,2.3373521214705435,-2.7764,-2.7764898755506646,-1.5770333333333333,-1.5770401952214543,0.0,3.015059295919441e-09,0.00024648585421363625,0.000191,0.05
571,1.9223,1.9218644297636407,-1.2433666666666665,-1.2416270318445644,2.3770333333333333,2.375560401825237,-2.766,-2.766268540814097,-1.5759,-1.5759291837839187,0.0,-5.7202263306022915e-09,0.0009538119866031458,0.000733,0.05
572,1.9495666666666667,1.9494291563774688,-1.2844,-1.283935308224514,2.435166666666667,2.434494079807461,-2.7556666666666665,-2.7557100919431745,-1.5741333333333334,-1.5741406943179035,0.0,6.832214234119157e-09,0.00033891015225189343,0.000303,0.05
573,1.9807333333333332,1.9805797791642115,-1.3246666666666667,-1.3242401805675041,2.4915333333333334,2.490926462362029,-2.7495,-2.749525436536599,-1.5718333333333332,-1.5718428037772478,0.0,2.758447322963404e-08,0.0003094345269757846,0.00028,0.05
574,2.0028666666666664,2.0028180658425443,-1.3429,-1.3428581769161605,2.5285333333333333,2.5283615726462743,-2.7457666666666665,-2.745772825035221,-1.5698333333333334,-1.569836638378856,0.0,1.9350828262187836e-08,7.490192840174198e-05,8.7e-05,0.015
575,2.0146333333333333,2.0143308166564338,-1.3370333333333333,-1.3371824509849044,2.5456333333333334,2.5451911764461355,-2.7443000000000004,-2.7443377043209023,-1.5683333333333334,-1.5683717901174645,0.0,-4.466575652485279e-08,0.00022809196564996996,0.000305,0.015
576,2.014533333333333,2.014531185588906,-1.3069,-1.3075047473498973,2.5434666666666668,2.543484324203766,-2.7451333333333334,-2.7451251860922463,-1.5676666666666668,-1.567673843832344,0.0,-7.364389401699961e-08,0.00024703361893283355,0.000195,0.015
577,2.0144333333333333,2.014433575409242,-1.2749,-1.2752013572235088,2.5404999999999998,2.540512220118932,-2.748666666666667,-2.748652160762234,-1.5671666666666668,-1.5671686546089776,0.0,-1.574111194227743e-07,0.00012327473654724104,9.6e-05,0.015
578,2.014366666666667,2.0143668294785355,-1.2422000000000002,-1.2425115083376996,2.5372999999999997,2.5373131542005716,-2.7547666666666664,-2.754741621650482,-1.5668999999999997,-1.5669010398084284,0.0,-1.1074120878328248e-07,0.0001276968090553586,9.9e-05,0.015
579,2.014366666666667,2.0143665510943114,-1.2089333333333334,-1.209259613338372,2.5338333333333334,2.533847583851707,-2.7632,-2.7631653515090755,-1.5668333333333333,-1.5668335457110476,0.0,-1.2161830098927765e-07,0.00013407852807060527,0.000103,0.015
580,2.0144,2.0143996274617733,-1.1751666666666667,-1.1755061307010415,2.5300999999999996,2.5301153413031807,-2.7737000000000003,-2.7736568500797816,-1.5669666666666666,-1.5669660008297714,0.0,-2.3310525958742445e-07,0.00013984142107744147,0.000107,0.015
581,2.0145,2.0144995379913047,-1.141,-1.1413500279299702,2.5260666666666665,2.5260832476992214,-2.7860666666666667,-2.786015836057927,-1.5672666666666668,-1.5672654097207266,0.0,-5.1147948220619484e-08,0.00014455681072731414,0.000111,0.015
582,2.0146333333333333,2.014632776218561,-1.1065,-1.106858823983214,2.5216666666666665,2.5216847537926945,-2.8001,-2.8000423221406434,-1.5677333333333332,-1.5677314207912165,0.0,7.527400672973848e-09,0.0001485555444765408,0.000114,0.015
583,2.0148000000000006,2.0147993150513916,-1.0717333333333332,-1.0720992125606368,2.5168666666666666,2.516886401551535,-2.8156666666666665,-2.8156026693514877,-1.5683333333333334,-1.5683308678995609,0.0,3.083223316149001e-11,0.00015185479825665526,0.000116,0.015
584,2.015,2.0149991779944507,-1.0367333333333333,-1.0371053665082188,2.5116666666666667,2.511688046700755,-2.8325666666666662,-2.8324971821336633,-1.5690333333333333,-1.5690304560349164,0.0,1.2628883494588015e-13,0.00015475940678947437,0.000118,0.015
585,2.0152,2.0151991774330655,-1.0016,-1.001975604049277,2.5060333333333333,2.5060564950392865,-2.8506666666666667,-2.8505872778117154,-1.5697999999999999,-1.569796847947919,0.0,5.172774253351599e-16,0.0001570180821833069,0.00012,0.015
586,2.0154,2.015399177430766,-0.9663666666666666,-0.9667449221303281,2.4999333333333333,2.499958413803681,-2.8697999999999997,-2.869709928391458,-1.5706333333333333,-1.5706299070891947,0.0,2.1223770859141575e-18,0.0001590762585559524,0.00012,0.015
587,2.0155333333333334,2.015531959576891,-0.9428666666666666,-0.9432112833398697,2.4957000000000003,2.49574360615735,-2.8829,-2.8827649336667283,-1.5712,-1.5711941622485932,0.0,2.6252885775515654e-20,0.00015217371068400825,0.000102,0.015
588,2.0158333333333336,2.015825618165169,-0.9397666666666668,-0.9398548488535008,2.4979,2.497844796317628,-2.898566666666667,-2.8981621423018686,-1.5723333333333331,-1.5723041705535639,0.0,-6.531804756487344e-19,0.00017096466393255464,4e-06,0.015
589,2.0162333333333335,2.0162228958250283,-0.9573999999999999,-0.9569437769932906,2.5063666666666666,2.506148506785731,-2.9153000000000002,-2.914861270842928,-1.5738,-1.5737617067661713,0.0,-1.7115201123905115e-20,0.0002737979036025301,0.000165,0.015
590,2.0167333333333333,2.016728106453248,-0.9842333333333334,-0.983801387357695,2.5185666666666666,2.5184395047094856,-2.938633333333333,-2.9382914352002456,-1.5757333333333332,-1.5757131438772853,0.0,-2.659172157431723e-21,0.00023096780332767624,0.00016,0.015
591,2.0170666666666666,2.017063199810081,-1.0118333333333334,-1.0113726221242259,2.5297666666666667,2.529650676528225,-2.9585333333333335,-2.958281807407793,-1.5771666666666668,-1.5771517825933037,0.0,-2.659172157431723e-21,0.00021954778385218648,0.000162,0.015
592,2.0173,2.0172975751660553,-1.0400666666666665,-1.0395635811492836,2.5399666666666665,2.539861030927649,-2.9751333333333334,-2.974960773707856,-1.5781666666666665,-1.5781562742537554,0.0,-2.659172157431723e-21,0.00022141388603280653,0.00017,0.015
593,2.017466666666667,2.0174649351697007,-1.0689333333333335,-1.0683870025268878,2.5491333333333333,2.5490383849566993,-2.988633333333333,-2.988493326322768,-1.578833333333333,-1.578826400248358,0.0,-2.659172157431723e-21,0.00023350430868738207,0.000182,0.015
594,2.0175666666666667,2.017565945581631,-1.0984,-1.0978124891284262,2.5573,2.5572154010619568,-2.999166666666667,-2.999058177538494,-1.5792333333333335,-1.5792293758846556,0.0,3.3520888349515346e-07,0.00024634399701633906,0.000194,0.015
595,2.0176,2.0176001237199515,-1.1284666666666667,-1.1278381159580713,2.5644666666666667,2.5643924137068743,-3.006866666666667,-3.0067878286982834,-1.5794333333333332,-1.5794315653135087,0.0,4.960567255400066e-07,0.00026038699015299186,0.000205,0.015
596,2.0176,2.017600335534206,-1.1590666666666667,-1.1584013616276505,2.5707,2.5706354103163584,-3.0118333333333336,-3.0117824025401125,-1.5794666666666666,-1.5794665416584432,0.0,3.514963962960098e-07,0.0002736776752651865,0.000215,0.015
597,2.0175666666666667,2.0175677588170964,-1.1901333333333335,-1.1898542983616465,2.5759666666666665,2.5759448298406555,-3.0141666666666667,-3.014158897155764,-1.5794,-1.5794009657213564,0.0,9.88879779206227e-07,0.00011431012713067983,8.9e-05,0.015
598,2.017533333333333,2.0175339292522727,-1.2216333333333333,-1.2213531098795742,2.5802666666666667,2.5802489644230273,-3.014,-3.0140015430676286,-1.5793,-1.57930075293349,0.0,4.722289775424085e-07,0.00011463135082565727,8.9e-05,0.015
599,2.0175,2.0175008085819774,-1.2535,-1.253210353956166,2.5836,2.583586274158277,-3.0114,-3.011411892940451,-1.5792000000000002,-1.579200925614605,0.0,6.876707823611891e-07,0.00011848112010679832,9.2e-05,0.015
600,2.0175,2.0175005870445197,-1.2856666666666667,-1.285369102207047,2.5859666666666663,2.585956916578952,-3.0064333333333333,-3.0064547416936533,-1.5790999999999997,-1.5791008714317105,0.0,5.972944007855573e-07,0.00012186020030201799,9.4e-05,0.015
601,2.0175,2.0175012283260316,-1.3018,-1.3016317139193692,2.5869999999999997,2.5869893188257684,-3.0035499999999997,-3.0035818017772233,-1.57905,-1.5790514916030445,0.0,1.2462405084930676e-06,7.00606073714509e-05,5e-05,0.015
